achiote seeds,achiote + pork + sour orange
afghan cuisine,almonds + cardamom + sugar
afghan cuisine,cucumber + mint + yogurt
african cuisine (north),cumin + garlic + mint
african cuisine (south),lamb + chile peppers + garlic + onions
african cuisine (west),chile peppers + peanuts + tomatoes
allspice,allspice + beef + onions
allspice,allspice + garlic + pork
almonds,almonds + chocolate + coconut
almonds,almonds + coffee + orange
almonds,almonds + green anise + figs
almonds,almonds + honey + orange zest + raisins
anchovies,anchovies + lemon + olive oil + rosemary
angelica,angelica + cream + rhubarb
"anise, star",star anise + cream + maple
"anise, star",star anise + milk + milk chocolate + orange zest + sugar
"anise, star",star anise + pork + soy sauce + sugar
apples,apples + almonds + caramel
apples,apples + almonds + armagnac + crème fraîche + raisins
apples,apples + apricots + pine nuts + rosemary
apples,apples + brown sugar + cream + walnuts
apples,apples + calvados + cranberries + maple syrup
apples,apples + caramel + cinnamon
apples,apples + caramel + cinnamon + dates + lemon confit + quince + ras el hanout + vanilla
apples,apples + caramel + peanuts
apples,apples + caramel + pecans
apples,apples + caramel + pistachios + vanilla
apples,apples + celery + walnuts
apples,apples + cinnamon + cranberries
apples,apples + cinnamon + dark chocolate + yams
apples,apples + cream + ginger
apples,apples + ginger + hazelnuts
apples,apples + ginger + lemon + quince + sugar
apples,apples + honey + lemon thyme
apples,apples + raisins + rum
apples,apples + red cabbage + cinnamon
apricots,apricots + almonds + cream + sugar
apricots,apricots + almonds + meringue + moscato d'asti
apricots,apricots + apples + pine nuts + rosemary
apricots,apricots + cranberries + white chocolate
apricots,apricots + oranges + sugar + vanilla + walnuts
"apricots, dried",dried apricots + dried cherries + ginger + orange + pistachios
artichokes,artichokes + butter + garlic + lemon + parsley
artichokes,artichokes + cream + parmesan cheese + thyme
artichokes,artichokes + garlic + lemon
artichokes,artichokes + garlic + lemon + mint
artichokes,artichokes + garlic + lemon + olive oil
artichokes,artichokes + garlic + lemon + olive oil + thyme
artichokes,artichokes + garlic + mint
artichokes,artichokes + garlic + parmesan cheese + thyme
artichokes,artichokes + garlic + sage
artichokes,artichokes + lemon + mint + yogurt
artichokes,artichokes + lemon + onions
artichokes,artichokes + mushrooms + onions + sausage
artichokes,artichokes + olive oil + parmesan cheese + white truffles
"artichokes, jerusalem",jerusalem artichoke + goat cheese + hazelnuts
"artichokes, jerusalem",jerusalem artichoke + lemon + morels
arugula,arugula + balsamic vinegar + lemon + olive oil + parmesan cheese
arugula,arugula + cabrales cheese + endive + grapes
arugula,arugula + cucumber + feta cheese + mint
arugula,arugula + endive + radicchio
arugula,arugula + fennel + pears
arugula,arugula + pears + prosciutto
asparagus,asparagus + capers + ham + shrimp
asparagus,asparagus + cayenne + lime
asparagus,asparagus + chervil + chives + garlic + morel mushrooms + shallots
asparagus,asparagus + crab + morel mushrooms + ramps
asparagus,asparagus + garlic + ginger + sesame
asparagus,asparagus + garlic + leeks + onions + potatoes
asparagus,asparagus + goat cheese + mascarpone + thyme
asparagus,asparagus + ham + morel mushrooms + parmesan cheese
asparagus,asparagus + lemon + olive oil + black pepper
asparagus,asparagus + morel mushrooms + ramps
asparagus,asparagus + parmesan cheese + eggs
asparagus,asparagus + parmesan cheese + pancetta + vinaigrette
asparagus,asparagus + prosciutto + goat cheese + chervil
"asparagus, white",white asparagus + hazelnuts + parmesan cheese + truffle oil
"asparagus, white",white asparagus + lemon + cepes mushrooms + parsley
"asparagus, white",white asparagus + mustard + olive oil + vinegar
avocados,avocado + bacon + scallions + tomatoes
avocados,avocado + basil + red onions + tomatoes + balsamic vinegar
avocados,avocado + chiles + cilantro + lime + black pepper + salt + scallions
avocados,avocado + cilantro + lime juice
avocados,avocado + crab + grapefruit + tomato
avocados,avocado + crème fraîche + grapefruit
avocados,avocado + endive + frisée + lemon juice + sea salt
avocados,avocado + jalapeño chiles + cilantro + cumin + garlic + lime + onion
avocados,avocado + lemon + smoked trout
bacon,bacon + arugula + egg + pork belly
bacon,bacon + chanterelle mushrooms + chicken + potatoes
bacon,bacon + chanterelle mushrooms + salmon + shallots
bacon,bacon + hard-boiled eggs + spinach + balsamic vinegar
bacon,bacon + lettuce + tomatoes
bacon,bacon + onions + vinegar
bacon,bacon + shallots + vinegar
bacon,bacon + spinach + winter squash
bananas,banana + blackberries + cream
bananas,banana + brown butter + caramel + citrus + peanuts
bananas,banana + caramel + chocolate
bananas,banana + caramel + crème fraîche + lemongrass
bananas,banana + coconut + cream
bananas,banana + cream + honey + macadamia nuts + vanilla
bananas,banana + cream + mango
bananas,banana + dates + oatmeal
bananas,banana + honey + sesame seeds
bananas,banana + macadamia nuts + rum
bananas,banana + oats + pecans
basil,basil + coconut + curry
basil,basil + garlic + olive oil + salt
basil,basil + garlic + olive oil + parmesan cheese + pine nuts
basil,basil + hamachi tuna + tomatoes + watermelon
basil,basil + lemon + vanilla
basil,basil + mozzarella cheese + tomatoes
basil,basil + olive oil + parmesan cheese
"basil, thai",thai basil + beef + pumpkin seed oil
"basil, thai",thai basil + coconut milk + ginger
"bass, black",black bass + chutney + papaya
"bass, black",black bass + new potatoes + shrimp
"bass, sea",sea bass + artichokes + basil + chives + green beans + lemon + new potatoes
"bass, sea",sea bass + bacon + corn + fava beans
"bass, sea",sea bass + mushrooms + sesame seeds + shrimp
"bass, striped",striped bass + bacon + sauerkraut
"bass, striped",striped bass + bok choy + fish sauce
"bass, striped",striped bass + clam broth + marjoram + spinach
"bass, striped",striped bass + curry + sour cream
"bass, striped",striped bass + fennel + olives + tomatoes
"bass, striped",striped bass + garlic + lemon + thyme
"bass, striped",striped bass + leeks + lemon juice + dijon mustard
"bass, striped",striped bass + leeks + shiitake mushrooms
"beans, black",black beans + cumin + green bell peppers + oregano
"beans, black",black beans + lemon + sherry
"beans, fava",fava beans + basil + spring onions
"beans, fava",fava beans + garlic + olive oil + rosemary
"beans, fava",fava beans + lamb + thyme
"beans, fava",fava beans + olive oil + pecorino cheese + prosciutto
"beans, fava",fava beans + olive oil + thyme
"beans, fava",fava beans + sheep's milk cheese + olive oil
"beans, flageolet",flageolet beans + garlic + thyme
"beans, green",green beans + anchovies + garlic + parmesan cheese + walnuts
"beans, green",green beans + mustard + prosciutto + vinaigrette + walnuts
"beans, pinto",pinto beans + bacon + poblano chiles + tomatoes
"beans, white",white beans + olive oil + pecorino cheese
"beans, white",white beans + olive oil + rosemary + balsamic vinegar
"beans, white",white beans + broccoli rabe + wild mushrooms
beef,beef + beer + onions
beef,beef + garlic + ginger
beef,beef + garlic + tomatoes
beef,beef + mushrooms + potatoes
beef,beef + mushrooms + red wine
beef,beef + porcini mushrooms + red wine
"beef, oxtails",oxtails + parsnips + red wine
"beef, oxtails",oxtails + red wine + thyme + tomatoes
"beef, short ribs",short ribs + bay leaf + beer + mushrooms + mustard
"beef, short ribs",short ribs + beer + garlic + horseradish + onions + potatoes + tomatoes
"beef, short ribs",short ribs + carrots + mushrooms + parsnips
"beef, short ribs",short ribs + celery root + horseradish
"beef, short ribs",short ribs + cinnamon + tomatoes + red wine
"beef, short ribs",short ribs + horseradish + lemon + parsley
"beef, short ribs",short ribs + onions + potatoes + red wine
"beef, short ribs",short ribs + potatoes + root vegetables
"beef, steak",steak + arugula + parmesan cheese + balsamic vinegar
"beef, steak",steak + bacon + potatoes + red wine
"beef, steak",steak + chianti + lemon + salt
"beef, steak",steak + cremini mushrooms + watercress
"beef, steak",steak + horseradish + mustard + potatoes
"beef, steak",steak + shallots + red wine
beets,beets + chives + orange + tarragon
beets,beets + citrus + goat cheese + olive oil + shallots
beets,beets + crème fraîche + orange + tarragon
beets,beets + dill + sour cream
beets,beets + endive + goat cheese + pistachios
beets,beets + endive + orange + walnuts
beets,beets + goat cheese + walnuts
beets,beets + gorgonzola cheese + hazelnuts + vinegar
beets,beets + honey + tarragon
beets,beets + mint + yogurt
beets,beets + olive oil + parmesan cheese + balsamic vinegar
beets,beets + orange + walnuts
beets,beets + potatoes + balsamic vinegar
beets,beets + shallots + vinegar + walnuts
belgian cuisine,beef + bay leaf + beer + thyme + vinegar
belgian cuisine,endive + béchamel sauce + nutmeg
belgian cuisine,endive + goat cheese + herbs
belgian cuisine,mussels + butter + garlic + parsley + shallots
bell peppers,bell peppers + basil + currants + garlic + pine nuts + sherry vinegar
bell peppers,bell peppers + garlic + olive oil + onion + thyme + zucchini
blackberries,blackberries + crème de cassis + sugar
blackberries,blackberries + ginger + peaches
blackberries,blackberries + honey + vanilla + yogurt
black-eyed peas,black-eyed peas + collard greens + ham hocks
black-eyed peas,black-eyed peas + rice + savory
blueberries,blueberries + cinnamon + cream + sugar
blueberries,blueberries + cream + lemon zest + mascarpone + sugar
blueberries,blueberries + honey + port + vanilla
blueberries,blueberries + lemon + lemon thyme
blueberries,blueberries + lemon zest + maple syrup
blueberries,blueberries + mascarpone + peaches
bouquet garni,bay leaf + parsley + thyme
bourbon,bourbon + grapefruit + honey
bourbon,bourbon + lemon + peaches
bourbon,bourbon + lemon + sugar
bourbon,bourbon + pineapple + sugar
brazilian cuisine,cream + egg yolks + sugar
brazilian cuisine,pork + beans + greens + onions + oranges
broccoli,broccoli + anchovies + capers + red pepper flakes + garlic + olives
broccoli,broccoli + anchovies + lemon
broccoli,broccoli + garlic + lemon juice + olive oil
broccoli,broccoli + garlic + tarragon
broccoli rabe,broccoli rabe + anchovies + red pepper flakes + garlic + olive oil
broccoli rabe,broccoli rabe + garlic + oregano
broccoli rabe,broccoli rabe + red pepper flakes + oregano
brussels sprouts,brussels sprouts + bacon + garlic + cider vinegar
brussels sprouts,brussels sprouts + bacon + onions
brussels sprouts,brussels sprouts + cream + nutmeg
brussels sprouts,brussels sprouts + lemon juice + thyme
brussels sprouts,brussels sprouts + pancetta + thyme
"butter, brown",brown butter + balsamic vinegar + fish
"butter, brown",brown butter + banana + nuts
"cabbage, red",red cabbage + apples + cider vinegar
"cabbage, red",red cabbage + bacon + blue cheese + walnuts
"cabbage, red",red cabbage + balsamic vinegar + brown sugar
"cabbage, red",red cabbage + chestnuts + pork
"cabbage, red",red cabbage + duck fat + goat cheese + red wine vinegar
"cabbage, red",red cabbage + pancetta + ricotta salata cheese
capers,capers + lemon + marjoram
caribbean cuisines,cilantro + garlic + onions (aka sofrito)
caribbean cuisines,fish + allspice + oil + onions + vinegar (aka escabèche)
carrots,carrots + celery + onions (aka mirepoix)
carrots,carrots + cilantro + lime
carrots,carrots + cinnamon + raisins + sugar + walnuts
carrots,carrots + cumin + orange
carrots,carrots + dill + orange
carrots,carrots + lemon juice + olive oil + parsley
carrots,carrots + maple syrup + orange
carrots,carrots + olive oil + turnips
carrots,carrots + pistachios + tarragon
carrots,carrots + raisins + yogurt
cauliflower,cauliflower + anchovies + red pepper flakes + garlic + olive oil
cauliflower,cauliflower + bread crumbs + brown butter + parsley
cauliflower,cauliflower + cilantro + cloves + cumin + turmeric
cauliflower,cauliflower + cream + sorrel
cauliflower,cauliflower + curry + apple
cauliflower,cauliflower + curry + vinegar
cauliflower,cauliflower + garlic + mint + pasta
cauliflower,cauliflower + pine nuts + lime
"cayenne, ground",cayenne + coriander + cumin + garlic
celery,celery + carrots + onions (aka mirepoix)
celery,celery + tarragon + vinegar
celery root,celery root + cream + potatoes + vinegar
celery root,celery root + lemon + mayonnaise + mustard
chard,chard + bell peppers + pecorino cheese + eggplant
chard,chard + red pepper flakes + lemon juice
"cheese, feta",feta cheese + chicken + mint
"cheese, feta",feta cheese + roasted red bell peppers + mint
"cheese, feta",feta cheese + salad greens + mint
"cheese, goat",goat cheese + almonds + honey + pears
"cheese, goat",goat cheese + cherries + thyme
"cheese, goat",goat cheese + fennel seeds + orange zest + pasta
"cheese, goat",goat cheese + honey + persimmons
"cheese, goat",goat cheese + pancetta + shallots
"cheese, gorgonzola",gorgonzola + mint + walnuts
"cheese, manchego",manchego cheese + almonds + quince paste
"cheese, mozzarella",mozzarella cheese + basil + olive oil + tomatoes
"cheese, mozzarella",mozzarella cheese + olives + prosciutto
"cheese, ricotta",ricotta + bread + honey + prosecco
"cheese, roquefort",roquefort cheese + figs + pears
cherries,cherries + almonds + cream + kirsch + vanilla
cherries,cherries + chocolate + walnuts
cherries,cherries + coconut + custard
cherries,cherries + coffee + cream
cherries,cherries + goat cheese + ice wine vinegar + black pepper + thyme
cherries,cherries + honey + pistachios + yogurt
cherries,cherries + mint + vanilla
cherries,cherries + orange + sugar + dry red wine
cherries,cherries + sweet vermouth + vanilla
chervil,chervil + chives + fish + parsley
chervil,chervil + chives + parsley + tarragon (fines herbes)
chestnuts,chestnuts + apples + cream
chestnuts,chestnuts + bacon + fennel
chestnuts,chestnuts + crème fraîche + sugar
chestnuts,chestnuts + orange + pear
chicken,chicken + andouille sausage + red beans + rice
chicken,chicken + apples + endive + walnuts
chicken,chicken + asparagus + ginger
chicken,chicken + avocado + bacon + garlic + mayonnaise + tarragon
chicken,chicken + basil + cinnamon
chicken,chicken + chanterelle mushrooms + rosemary
chicken,chicken + cloves + rosemary + yogurt
chicken,chicken + coconut + galangal + shiitake mushrooms
chicken,chicken + coriander + cumin + garlic
chicken,chicken + cream + grapefruit + pink peppercorns
chicken,chicken + cream + morels
chicken,chicken + cumin + garlic + lemon
chicken,chicken + figs + honey + thyme + dry white wine
chicken,chicken + fines herbes + mushrooms + spring onions
chicken,chicken + garlic + lemon
chicken,chicken + garlic + pancetta + sage + thyme
chicken,chicken + mustard + thyme
chickpeas,chickpeas + cayenne + garlic + lemon juice + olive oil + salt + tahini
chickpeas,chickpeas + cilantro + cumin
chickpeas,chickpeas + garlic + lemon juice + olive oil + thyme
chickpeas,chickpeas + garlic + mint
chickpeas,chickpeas + garlic + olive oil + parsley
chile peppers,chile peppers + cilantro + lime
"chile peppers, habanero",volume: very loud+
"chile peppers, serrano",volume: very loud+
chinese cuisine,cabbage + chicken stock
chinese cuisine,garlic + ginger + pork
chinese cuisine,ginger + rice wine + soy sauce
chinese cuisine,soy sauce + sugar
chocolate and cocoa,chocolate + almonds + cinnamon + sugar
chocolate and cocoa,chocolate + almonds + cream
chocolate and cocoa,chocolate + banana + butterscotch + macadamia nuts
chocolate and cocoa,chocolate + banana + caramel + cream + vanilla
chocolate and cocoa,chocolate + butterscotch + caramel + coffee
chocolate and cocoa,chocolate + caramel + coffee + malt
chocolate and cocoa,chocolate + caramel + coffee + praline
chocolate and cocoa,chocolate + caramel + cream + hazelnuts + vanilla
chocolate and cocoa,chocolate + cherries + mint
chocolate and cocoa,chocolate + cinnamon + chiles + nuts + seeds
chocolate and cocoa,chocolate + coffee + hazelnuts
chocolate and cocoa,chocolate + coffee + walnuts
chocolate and cocoa,chocolate + cream + raspberries
chocolate and cocoa,chocolate + custard + pistachios
chocolate and cocoa,chocolate + ginger + orange
chocolate and cocoa,chocolate + graham crackers + marshmallows
chocolate and cocoa,chocolate + hazelnuts + orange
chocolate and cocoa,chocolate + lavender + vanilla
chocolate and cocoa,chocolate + rum + vanilla
"chocolate, white",white chocolate + basil + strawberries
"chocolate, white",white chocolate + cream + lemon + orange
"chocolate, white",white chocolate + dark chocolate + pistachios
"chocolate, white",white chocolate + ginger + pistachios + rice
chorizo,chorizo + clam broth + herbs + monkfish
cilantro,cilantro + chile peppers + coconut milk
cilantro,cilantro + dill + mint
cilantro,cilantro + garlic + ginger
cinnamon,cinnamon + almonds + raisins
cinnamon,cinnamon + cardamom + cloves + coriander + black pepper (garam masala)
cinnamon,cinnamon + cardamom + rice
cinnamon,cinnamon + cloves + mace + nutmeg
clams,clams + aioli + capers + tarragon
clams,clams + bacon + lemon + scallions
clams,clams + basil + garlic + tomatoes
clams,clams + butter + lemon + shallots
clams,clams + cream + curry + fennel
clams,clams + garlic + mussels + onion + thyme + white wine
clams,clams + oysters + potatoes + thyme
cloves,cloves + cardamom + cinnamon + tea
cloves,cloves + cinnamon + ginger + nutmeg
cloves,cloves + ginger + honey
coconut and coconut milk,coconut + apricot + ginger + green tea + lemongrass + rice + vanilla
coconut and coconut milk,coconut + honey + lime
coconut and coconut milk,coconut + lemongrass + vanilla
coconut and coconut milk,coconut + orange + vanilla
coconut and coconut milk,coconut milk + beef + ginger
cod,cod + capers + chives + lentils + potatoes
cod,cod + cepes (mushrooms) + garlic + lemon + potatoes
"cod, salt",salt cod + bay leaf + thyme + white wine vinegar
coffee / espresso,coffee + bourbon + cream
coffee / espresso,coffee + caramel + chocolate
coffee / espresso,coffee + cinnamon + cloves + orange
coffee / espresso,coffee + cinnamon + cream + lemon + sugar
coffee / espresso,coffee + mascarpone + rum + sugar + vanilla
cooling,cucumbers + mint + yogurt
coriander,coriander + cardamom + cinnamon + clove
coriander,coriander + cayenne + cumin + garlic
coriander,coriander + chile peppers + mustard + black pepper
coriander,coriander + cumin + curry
coriander,coriander + fish + garlic + olive oil + tomatoes
corn,corn + bell pepper + jalapeño chile + cilantro + tarragon
corn,corn + butter + salt
corn,corn + cayenne + lime + salt
corn,corn + cilantro + shrimp
crab,crab + aioli + cilantro + jalapeño chile
crab,crab + almonds + avocado
crab,crab + avocado + cilantro + mango
crab,crab + avocado + grapefruit
crab,crab + corn + green tomatoes
crab,crab + cucumber + lime + mint
crab,crab + ginger + lime
crab,crab + lime + mint
crab,crab + mango + raspberry vinegar
crab,crab + black pepper + snow peas
crab,crab + saffron + shallots
"crab, soft-shell",soft-shell crab + arugula + tartar sauce
"crab, soft-shell",soft-shell crab + asparagus + capers + garlic + lemon + potatoes
"crab, soft-shell",soft-shell crab + broccoli rabe + brown butter
"crab, soft-shell",soft-shell crab + cabbage + mustard
"crab, soft-shell",soft-shell crab + lemon + parsley
"crab, soft-shell",soft-shell crab + orange + parsley
crayfish,crayfish + asparagus + morel mushrooms
crayfish,crayfish + carrot juice + orange juice
cream cheese,cream cheese + crème fraîche + orange + sugar + vanilla
cream cheese,cream cheese + maple syrup + mascarpone
cuban cuisine,allspice + cumin + garlic + orange juice + pork
cuban cuisine,avocado + onions + pineapple + watercress
cuban cuisine,bay leaf + green bell peppers + garlic + onions + oregano (aka safrito)
cuban cuisine,chocolate + garlic + olive oil
cuban cuisine,citrus juice + garlic + olive oil (aka adobo)
cucumbers,cucumber + chervil + salt + vinegar
cucumbers,cucumber + chile peppers + mint + yogurt
cucumbers,cucumber + cilantro + ginger + sugar + rice vinegar
cucumbers,cucumber + dill + red onion + sour cream + vinegar
cucumbers,cucumber + dill + salmon
cucumbers,cucumber + dill + yogurt
cucumbers,cucumber + feta cheese + garlic + mint + olive oil + oregano + red wine vinegar
cucumbers,cucumber + garlic + mint + yogurt
cucumbers,cucumber + lemon + sesame oil + vinegar
cucumbers,cucumber + jalapeño chile + dill + onion
cucumbers,cucumber + mint + yogurt
cumin,cumin + cayenne + coriander + garlic
cumin,cumin + chickpeas + yogurt
cumin,cumin + cinnamon + saffron
cumin,cumin + palm sugar + tamarind
cumin,cumin + tomatoes + turmeric
dates,dates + caramel + vanilla + walnuts
dates,dates + chocolate + walnuts
dates,dates + cream + rum
dates,dates + maple syrup + mascarpone + pistachios
dates,dates + orange + walnuts
dill,dill + cilantro + mint
dill,dill + cucumber + salmon
duck,duck + almonds + apricots
duck,duck + almonds + honey
duck,duck + apples + celery root + hazelnuts
duck,duck + apples + parsnips (and/or other root vegetables)
duck,duck + apricots + cherries + basmati rice
duck,duck + arugula + lentils
duck,duck + arugula + vinaigrette + walnuts
duck,duck + bacon + ginger + spinach
duck,duck + blackberries + ginger + pinot noir
duck,duck + cabbage + mushrooms
duck,duck + cherries + vinegar
duck,duck + cinnamon + honey + orange + star anise
duck,duck + cloves + garlic + orange + prunes + red wine
duck,duck + dates + turnips
duck,duck + fava beans + pecorino cheese
duck,duck + garlic + ginger + mint
duck,duck + ginger + honey + soy sauce
duck,duck + ginger + kumquats + black pepper + star anise
duck,duck + green peppercorns + sweet potatoes
duck,duck + honey + lavender
duck,duck + lemon + plums
duck,duck + lentils + onions + balsamic vinegar
duck,duck + orange + scallions
duck,duck + parsnips + turnips
eastern european cuisines,beef + cabbage + rice
eastern european cuisines,beets + dill + sour cream
eastern european cuisines,cabbage + caraway + vinegar
eastern european cuisines,chicken + cream + paprika
eastern european cuisines,noodles + caraway seeds + sour cream
eggplant,eggplant + basil + bell peppers + garlic + tomatoes
eggplant,eggplant + basil + mozzarella cheese
eggplant,eggplant + basil + olive oil + balsamic vinegar
eggplant,eggplant + basil + ricotta salata cheese + tomatoes
eggplant,eggplant + bell peppers + garlic + mustard
eggplant,eggplant + garlic + lemon juice + olive oil + parsley + tahini
eggplant,eggplant + garlic + onions + parsley
eggplant,eggplant + lentils + yogurt
eggplant,eggs + bacon + cheese + onions
eggplant,eggs + bacon + crème fraîche + onions (alsatian)
eggplant,eggs + beets + smoked whitefish (yiddish)
eggplant,eggs + cheese + mushrooms + thyme
eggplant,eggs + kale + pinkelwurst (oatmeal sausage) (berliner)
eggplant,eggs + mozzarella cheese + tomatoes (roman)
eggplant,eggs + mushrooms + red wine (bordelaise)
eggplant,eggs + potato + sausage
endive,endive + argula + radicchio
endive,endive + cheese + mushrooms
escalar,escalar + kobe beef + brown butter
escarole,escarole + apples + cheddar cheese
escarole,escarole + olive oil + shallots
fennel,fennel + almond + fennel seeds + honey + lemon
fennel,fennel + apple + pecorino cheese + watercress
fennel,fennel + asparagus + fennel seeds + garlic + olive oil
fennel,fennel + garlic + onions + tomatoes
fennel,fennel + lemon + mint + olive oil + olives + orange
fennel,fennel + lemon + olive oil + parmesan cheese + parsley
fennel,fennel + onions + potatoes + chicken stock
fennel,fennel + orange + sambuca
fennel pollen,fennel pollen + lemon + yogurt
fennel seeds,fennel seeds + cinnamon + cloves + peppercorns + star anise (five-spice powder)
fiddlehead ferns,fiddlehead ferns + butter + herbs + morel mushrooms + ramps
fiddlehead ferns,fiddlehead ferns + garlic + morel mushrooms + salmon
fiddlehead ferns,fiddlehead ferns + sesame oil and/or seeds + soy sauce
"figs, dried",dried figs + anise + oranges + walnuts
"figs, fresh",figs + almonds + green anise
"figs, fresh",figs + black pepper + ricotta cheese
"figs, fresh",figs + caramel + vanilla + balsamic vinegar
"figs, fresh",figs + cilantro + lime
"figs, fresh",figs + cinnamon + honey + orange
"figs, fresh",figs + cream + goat cheese + honey
"figs, fresh",figs + cream + honey + raspberries
"figs, fresh",figs + goat cheese + pine nuts
"figs, fresh",figs + honey + mascarpone
"figs, fresh",figs + lemon + rosemary
"figs, fresh",figs + olive oil + rosemary
"figs, fresh",figs + pernod + walnuts
fines herbes,chervil + chives + parsley + tarragon
fish,fish + ginger + lemongrass
fish,fish + herbs + white wine
fish,fish + onions + tomatoes
five-spice powder,cinnamon + cloves + fennel seeds + star anise + szechuan peppercorns
flounder,flounder + capers + lemon
flounder,flounder + shiso + ume
flounder,flounder + konbu seaweed + shiso
foie gras,foie gras + cherries + balsamic vinegar
foie gras,foie gras + cherries + pistachios
foie gras,foie gras + strawberries + black pepper
french cuisine,butter + cheese + stock
french cuisine,butter + cheese + wine
french cuisine,butter + herbs
french cuisine,cream + herbs
french cuisine,herbs + stock
french cuisine,herbs + wine
"french cuisine, northern",bacon + cheese + cream
"french cuisine, southern",basil + garlic + olive oil + parmesan cheese
"french cuisine, southern",basil + olive oil + tomatoes
"french cuisine, southern",bell peppers + eggplant + garlic + onions + tomatoes + zucchini
"french cuisine, southern",chicken + garlic + olives + onions + tomatoes
"french cuisine, southern",garlic + egg yolk + lemon + olive oil + saffron
"french cuisine, southern",marjoram + rosemary + sage + thyme (aka herbes de provence)
"french cuisine, southern",olives + basil + capers + garlic + olive oil (aka tapenade)
"french cuisine, southern",pork + anise + marjoram + thyme
"french cuisine, southern",seafood + garlic + olive oil + tomatoes
frisée,frisée + anchovies + garlic + parmesan cheese
frisée,frisée + bacon + poached egg
frisée,frisée + bacon + roquefort cheese + garlic + shallots + sherry vinegar
"fruit, tropical",tropical fruit + coconut + honey + lime
"fruit, tropical",tropical fruit + ginger + mint + orange + sugar
garam masala,cardamom + black pepper + cinnamon + cloves + coriander + cumin + dried chiles + fennel +
garam masala,mace + nutmeg
georgian cuisine (russian),coriander + dill + fenugreek (blue) + garlic + red peppers
georgian cuisine (russian),garlic + walnuts
german cuisine,caraway + paprika + sour cream
german cuisine,caraway + sauerkraut
german cuisine,cream + horseradish + fish or meat
german cuisine,cream + paprika + poppy seeds
german cuisine,dill + cucumbers
german cuisine,ginger + sauerbraten
german cuisine,juniper berries + game
german cuisine,mace + chicken
german cuisine,nutmeg + potatoes
german cuisine,sugar + vinegar
gin,gin + apple brandy + lemon juice + orange juice
gin,gin + basil + lemon
gin,gin + blackberries + sage
gin,gin + cilantro + lime
gin,gin + cointreau + lime + rosemary
gin,gin + cucumber + mint
gin,gin + earl grey tea + lemon + sugar
gin,gin + lime + mint
gin,gin + lime + mint + pomegranate
gin,gin + lime + orange
ginger,ginger + carrot + celery + garlic
ginger,ginger + chile peppers + garlic
ginger,ginger + chocolate + cream + rum
ginger,ginger + cider vinegar + sugar
ginger,ginger + cilantro + garlic + scallions
ginger,ginger + cream + honey
ginger,ginger + lemon + mint
ginger,ginger + lemon + pepper + salt + sugar
grapefruit,grapefruit + avocado + crème fraîche
grapefruit,grapefruit + caramel + meringue
grapefruit,grapefruit + crab + miso + seaweed
grapefruit,grapefruit + fromage blanc + pomegranate
grapefruit,grapefruit + mint + sugar
grapefruit,grapefruit + star anise + yogurt
greek cuisine,cucumber + dill + garlic + yogurt
greek cuisine,dill + lemon
greek cuisine,dill + lemon + olive oil
greek cuisine,dill + yogurt
greek cuisine,eggplant + custard + garlic + meat
greek cuisine,eggplant + garlic + olive oil
greek cuisine,eggs + lemon
greek cuisine,lamb + garlic + lemon + oregano
greek cuisine,lemon + olive oil
greek cuisine,lemon + olive oil + oregano
greek cuisine,lemon + oregano
greek cuisine,phyllo dough + honey + nuts
greek cuisine,rice + grape leaves
greek cuisine,rice + nuts
greek cuisine,spinach + feta cheese
greek cuisine,tomatoes + cinnamon
greek cuisine,yogurt + cinnamon
"greens, mustard",mustard greens + bacon + onions
"greens, mustard",mustard greens + garlic + olive oil + prosciutto
"greens, mustard",mustard greens + sesame oil + soy sauce
halibut,halibut + anchovies + black olives
halibut,halibut + anchovies + garlic + lemon + sorrel
halibut,halibut + apples + celery root + parsnips
halibut,halibut + beets + blood orange + olive oil + sherry vinegar
halibut,halibut + bok choy + sesame seeds
halibut,halibut + chicory + grapefruit
halibut,halibut + coriander + fennel + lemon
halibut,halibut + garlic + lemon + sorrel
halibut,halibut + scallions + white wine
ham,ham + cheese + mustard
ham,ham + honey + soy sauce
ham,ham + jack cheese + greens + mushrooms
ham,ham + mozzarella cheese + red onion
herbes de provence,basil + fennel seeds + lavender + marjoram + rosemary + sage + summer savory + thyme
honey,honey + almonds + chicken + pomegranate
honey,honey + bananas + lavender + pork
honey,honey + cream + pistachios
honey,honey + fruit + yogurt
honeydew,honeydew melon + figs + mint + prosciutto
horseradish,horseradish + apples + pork + sour cream
horseradish,horseradish + beef + beets
horseradish,horseradish + beets + cream cheese
horseradish,horseradish + garlic + olive oil
horseradish,horseradish + salt + vinegar
horseradish,horseradish + seafood + tomatoes
hungarian cuisine,onions + paprika
hungarian cuisine,onions + paprika + pork fat
hungarian cuisine,onions + paprika + sour cream
indian cuisine,cinnamon + cloves + mace + nutmeg
indian cuisine,coriander + cumin + turmeric
indian cuisine,coriander + cumin + yogurt
indian cuisine,cumin + garlic + ginger
indian cuisine,cumin + garlic + yogurt
indian cuisine,garlic + ginger
indian cuisine,garlic + ginger + onion
indian cuisine,potatoes + chili powder + turmeric
indian cuisine,yogurt + fruit
indonesian cuisine,chile peppers + peanuts + soy sauce
indonesian cuisine,garlic + peanuts + soy sauce
indonesian cuisine,garlic + soy sauce + brown sugar
iranian cuisine,cardamom + cinnamon + cloves + cumin + ginger + rose
iranian cuisine,duck + pomegranates + walnuts
italian cuisine,anchovies + capers + lemon juice
italian cuisine,anchovies + garlic + wine vinegar
italian cuisine,basil + garlic + olive oil
italian cuisine,basil + garlic + tomatoes
italian cuisine,bell peppers + olive oil + tomatoes
italian cuisine,capers + garlic + wine vinegar
italian cuisine,garlic + olive oil + parsley
italian cuisine,garlic + oregano + tomatoes
italian cuisine,garlic + saffron + shellfish
italian cuisine,red pepper flakes + fennel + sausage
japanese cuisine,bonito flakes + kelp
japanese cuisine,garlic + ginger + soy sauce
japanese cuisine,ginger + scallions + soy sauce
japanese cuisine,sake + soy sauce + sugar
japanese cuisine,soy sauce + wasabi
jicama,jicama + avocado + grapefruit + pumpkin seeds
jicama,jicama + chili powder + lime juice
juniper berries,juniper berries + game + garlic + rosemary
kaffir limes and kaffir lime leaf,kaffir lime + saffron + seafood
kaffir limes and kaffir lime leaf,kaffir lime leaf + duck + ginger
kaffir limes and kaffir lime leaf,kaffir lime leaf + rice + turmeric
kale,kale + garlic + olive oil + red wine vinegar
kale,kale + onions + salt + smoked sausage
korean cuisine,chile peppers + garlic + soy sauce
korean cuisine,chile peppers + sesame seeds + soy sauce
korean cuisine,chile peppers + soy sauce
korean cuisine,garlic + sesame seeds + soy sauce
korean cuisine,garlic + soy sauce
lamb,lamb + broccoli rabe + parmesan cheese
lamb,lamb + cardamom + yogurt
lamb,lamb + carrots + ginger + pistachios
lamb,lamb + carrots + lentils + parsley
lamb,lamb + chickpeas + garlic
lamb,lamb + chocolate + cinnamon + cloves
lamb,lamb + cilantro + dill + garlic + mint
lamb,lamb + cinnamon + dried apricots + preserved lemons + walnuts
lamb,lamb + cinnamon + garlic + lemon + mint + onion + oregano
lamb,lamb + cinnamon + prunes
lamb,lamb + clove + red wine
lamb,lamb + cream + fenugreek + garlic
lamb,lamb + cucumber + mint + tomatoes
lamb,lamb + escarole + lemon
lamb,lamb + fava beans + thyme
lamb,lamb + fennel + onions + turnips
lamb,lamb + flageolet beans + thyme
lamb,lamb + garlic + flageolet beans
lamb,lamb + garlic + olives
lamb,lamb + garlic + rosemary
lamb,lamb + mint + mustard
lamb,lamb + mint + olives
lamb,lamb + mint + parsley
lamb,lamb + mint + peas + risotto
lamb,lamb + mint + ricotta cheese
lamb,lamb + mint + tomatoes
"lamb, chops",lamb chop + lemon + mint
latin american cuisine,beef + corn + sweet potatoes
latin american cuisine,garlic + onions + peppers
latin american cuisine,meats + black beans + greens + orange + rice
latin american cuisine,seafood + chile peppers + cilantro + garlic + lime
lavender,lavender + cream + sugar
lavender,lavender + meat + salt
leeks,leeks + anchovies + garlic + olive oil
leeks,leeks + bacon + cream
leeks,leeks + cream + thyme
leeks,leeks + mustard + vinaigrette
lemons,lemon + berries + crème fraîche
lemons,lemon + blackberries + honey + ricotta cheese
lemongrass,lemongrass + chives + mint
lemongrass,lemongrass + cilantro + mint
lemongrass,lemongrass + cream + vanilla
lemon verbena,lemon verbena + apricots + sugar
lentils,lentils + bacon + bell pepper + cumin + garlic
lentils,lentils + bacon + garlic + sherry vinegar
lentils,lentils + bay leaf + onions + thyme
lentils,lentils + cumin + turmeric
lentils,lentils + olive oil + parsley + sorrel
"lettuces, mesclun greens",mesclun greens + goat cheese + hazelnuts
"lettuce, romaine",romaine + anchovies + parmesan cheese
"lettuce, romaine",romaine + capers + garlic + parmesan cheese + red onions
limes,lime + blueberries + burnt honey + crème fraîche
limes,lime + caramel + cream cheese + macadamia nuts
limes,lime + strawberries + tequila
"liver, calf's",calf's liver + arugula + onions + pancetta
"liver, calf's",calf's liver + figs + onions + red wine vinegar
"liver, chicken",chicken livers + apples + sage
"liver, chicken",chicken livers + bacon + balsamic vinegar + onions + rosemary
"liver, chicken",chicken livers + kale + lemon
lobster,lobster + artichokes + garlic
lobster,lobster + avocado + mayonnaise + tarragon + white wine vinegar
lobster,lobster + bacon + porcini mushrooms
lobster,lobster + basil + hazelnuts + morel mushrooms
lobster,lobster + basil + tomatoes
lobster,lobster + brandy + cream + rosemary
lobster,lobster + brown butter + orange + vanilla
lobster,lobster + butter + garlic + tarragon
lobster,lobster + celery + mayonnaise + black truffles
lobster,lobster + chanterelle mushrooms + parsley + pernod
lobster,lobster + chanterelle mushrooms + tarragon
lobster,lobster + chive + lemon
lobster,lobster + cilantro + cumin
lobster,lobster + corn + garlic + lemon + potatoes + tarragon
lobster,lobster + fennel + lemon
lobster,lobster + mango + spinach
lobster,lobster + mayonnaise + wasabi
lobster,lobster + orange + soy sauce
lobster,lobster + pasta + peas
lobster,lobster + saffron + vanilla
lovage,lovage + dungeness crab + stinging nettles
lovage,lovage + salmon + tomatoes
lychees,lychees + ginger + lime
lychees,lychees + raspberries + rose
macadamia nuts,macadamia nuts + bananas + caramel + cream
macadamia nuts,macadamia nuts + beets + goat cheese
macadamia nuts,macadamia nuts + coconut + lime
mace,mâche + apples + bacon
mace,mâche + apples + bacon + vinegar
mace,mâche + apples + beets + endive + sherry vinaigrette + walnuts
mace,mâche + oranges + pistachios + pomegranates
mackerel,mackerel + arugula + chickpeas + lemon + rosemary
mackerel,mackerel + chives + dijon mustard + lemon juice + shallots + vinegar
mackerel,mackerel + ginger + scallions
mackerel,mackerel + onions + thyme
mahi mahi,mahi mahi + avocado + cabbage + cilantro
mangoes,mango + almonds + lime
mangoes,mango + basil + champagne
mangoes,mango + black pepper + lemon + mint + passion fruit
mangoes,mango + coconut + rice
mangoes,mango + ginger + mint + papaya
mangoes,mango + salmon + sushi rice
maple syrup,maple syrup + blueberries + lemon
maple syrup,maple syrup + butter + chocolate + cream
maple syrup,maple syrup + caramel + pecans
maple syrup,maple syrup + mascarpone + pistachios
marjoram,marjoram + chicken + lemon
marjoram,marjoram + fresh goat cheese + prosciutto
marjoram,marjoram + tomato sauce + zucchini
mascarpone,mascarpone + arugula + truffle oil
mascarpone,mascarpone + berries + figs
mascarpone,mascarpone + chocolate + strawberries
mascarpone,mascarpone + cinnamon + pumpkin
mascarpone,mascarpone + espresso + ladyfingers (cookies) + sugar
mascarpone,mascarpone + figs + prosciutto
mascarpone,mascarpone + maple syrup + pistachios
mediterranean cuisines,marjoram + rosemary
mediterranean cuisines,savory + thyme
mexican cuisine,beans + rice
mexican cuisine,chile peppers + lime
mexican cuisine,chile peppers + tomatoes
mexican cuisine,cilantro + lime
middle eastern cuisine,cilantro + cumin + ginger + red pepper
middle eastern cuisine,cinnamon + cloves + ginger + nutmeg
middle eastern cuisine,cinnamon + lemons + tomatoes
middle eastern cuisine,cinnamon + tomatoes
middle eastern cuisine,coriander + cumin + garlic
middle eastern cuisine,coriander + cumin + garlic + onions + parsley
middle eastern cuisine,coriander + cumin + garlic + pepper
middle eastern cuisine,eggplant + onions + tomatoes
middle eastern cuisine,garlic + coriander
middle eastern cuisine,garlic + lemon + mint
middle eastern cuisine,garlic + lemon + oregano
middle eastern cuisine,garlic + lemon + parsley
middle eastern cuisine,lemon + parsley
middle eastern cuisine,meat + cinnamon
middle eastern cuisine,salads + goat cheese + pomegranate seeds
middle eastern cuisine,yogurt + garlic + mint
middle eastern cuisine,yogurt + mint
middle eastern cuisine,yogurt + parsley
mint,mint + chocolate + cream
mint,mint + cilantro + dill
mint,mint + cucumber + lime
mint,mint + cucumber + vinegar
mint,mint + cucumber + yogurt
mint,mint + lamb + yogurt
mirepoix,carrots + celery + onions
monkfish,monkfish + aioli + new potatoes
monkfish,monkfish + apples + sausage
monkfish,monkfish + bacon + cabbage + potatoes
monkfish,monkfish + basil + swiss chard + thyme
monkfish,monkfish + curry + mussels + saffron
monkfish,monkfish + leeks + mussels
monkfish,monkfish + red cabbage + pancetta
monkfish,monkfish + white beans + fennel + garlic + saffron + tomatoes
moroccan cuisine,chile peppers + garlic + olive oil + salt (aka harissa)
moroccan cuisine,cinnamon + coriander + cumin
moroccan cuisine,eggplant + cinnamon + mint
moroccan cuisine,green tea + dried spearmint + sugar
moroccan cuisine,lamb + cinnamon + honey + prunes
moroccan cuisine,oranges + cinnamon + honey
moroccan cuisine,parsley + lemon juice + olive oil
moroccan cuisine,phyllo dough + almonds + cinnamon + honey
moroccan cuisine,phyllo dough + honey + sesame seeds
mushrooms,mushrooms + garlic + lemon + olive oil
mushrooms,mushrooms + garlic + parsley
mushrooms,mushrooms + garlic + shallots
"mushrooms, chanterelles",chanterelles + butter + cream + garlic + parsley
"mushrooms, chanterelles",chanterelles + cream + garlic + thyme
"mushrooms, morels",morels + asparagus + ramps
"mushrooms, morels",morels + garlic + lemon + olive oil + parsley
"mushrooms, porcini",porcini + almonds + balsamic vinegar
"mushrooms, porcini",porcini + arugula + lemon + parmesan cheese
"mushrooms, porcini",porcini + balsamic vinegar + radicchio
"mushrooms, porcini",porcini + carrots + sage
"mushrooms, porcini",porcini + coffee + veal
"mushrooms, porcini",porcini + lemon juice + olive oil
"mushrooms, porcini",porcini + parsley + tomatoes
"mushrooms, porcini",porcini + prosciutto + spinach
"mushrooms, portobello",portobello mushrooms + lemon + mint + olive oil
"mushrooms, portobello",portobello mushrooms + polenta + spinach
"mushrooms, shiitake",shiitake mushrooms + basil + onions
mussels,mussels + clams + garlic + onion + thyme + white wine
mussels,mussels + cream + curry + saffron
mussels,mussels + fennel + saffron + white wine
mussels,mussels + garlic + saffron + tomatoes
mussels,mussels + dijon mustard + saffron
mussels,mussels + mustard + tarragon
mussels,mussels + olives + oranges
mussels,mussels + saffron + tarragon + tomatoes
mustard,mustard + curry leaves + cumin
mustard,mustard + garlic + oil + shallots + vinegar
mustard,mustard + garlic + oil + vinegar
mustard,mustard + oil + shallots + vinegar
nutmeg,nutmeg + allspice + cinnamon
nutmeg,nutmeg + cloves + cream
nutmeg,nutmeg + cloves + ginger + white pepper (quatre épices)
nutmeg,nutmeg + cream + spinach
oatmeal,oatmeal + currants + maple syrup
oatmeal,oatmeal + pears + vanilla + yogurt
octopus,octopus + chorizo + lemon
octopus,octopus + jalapeño peppers + mint
octopus,octopus + orange + potatoes
octopus,octopus + sake + sea salt
"oil, avocado",avocado oil + chardonnay vinegar + tomato water
"oil, sesame",sesame oil + ginger + mustard + rice wine vinegar
onions,taste: pungent (+ sweet with cooking via caramelization)
onions,onions + balsamic vinegar + brown sugar
onions,onions + beer + cheese + nutmeg
onions,onions + garlic + thyme
"onions, sweet",vidalia onions + goat cheese + tomatoes + sherry vinegar
oranges,orange + anise + chocolate
oranges,orange + anise + dried figs + walnuts
oranges,orange + basil + sugar
oranges,orange + chocolate + pistachios
oranges,orange + cinnamon + honey + saffron
oranges,orange + seafood + tarragon
oregano,oregano + basil + tomato
oregano,oregano + lemon juice + marjoram
oysters,oysters + caviar + leeks
oysters,oysters + caviar + tapioca
oysters,oysters + clams + potatoes + thyme
oysters,oysters + cream + horseradish + onions
oysters,oysters + ginger + horseradish + sherry vinegar
oysters,oysters + horseradish + champagne vinegar
oysters,oysters + muscadet + shallots + vinegar
oysters,oysters + shallots + vinegar
paprika,paprika + beef + sour cream
"paprika, smoked",smoked paprika + mayonnaise + seafood
parsley,parsley + bulgur wheat + garlic + lemon + mint + olive oil + scallions
parsley,parsley + butter + garlic
parsley,parsley + capers + garlic + lemon zest + olive oil
parsley,parsley + garlic
parsley,parsley + garlic + lemon zest
parsley,parsley + garlic + olive oil + parmesan cheese + vinegar
parsley,parsley + lemon juice + olive oil + parmesan cheese
parsnips,parsnips + butter + cream + potatoes
parsnips,parsnips + carrots + nutmeg + potatoes
parsnips,parsnips + cream + nutmeg
parsnips,parsnips + honey + mustard
parsnips,parsnips + pancetta + parmesan cheese + pasta
passion fruit,passion fruit + banana + orange
passion fruit,passion fruit + caramel + coconut
passion fruit,passion fruit + caramel + ginger + white chocolate
passion fruit,passion fruit + cream + ice wine
passion fruit,passion fruit + dark chocolate + ginger + raspberries
pasta,pasta + anchovies + bread crumbs + capers + red pepper flakes + garlic + olives
pasta,pasta + anchovies + mozzarella cheese
pasta,pasta + artichokes + garlic + lobster
pasta,pasta + bacon + black pepper + eggs + olive oil + pecorino cheese
pasta,pasta + basil + garlic + tomato
pasta,pasta + basil + peas + shrimp
pasta,pasta + basil + scallops + tomato
pasta,pasta + bread crumbs + greens + shrimp + white beans
pasta,pasta + bread crumbs + raisins + sardines
pasta,pasta + chickpeas + garlic + sage
pasta,pasta + chile peppers + lobster + mint
pasta,pasta + clams + pancetta
pasta,pasta + cream + peas + prosciutto
pasta,pasta + duck confit + wild mushrooms
pasta,pasta + fennel + sausage + tomato + white beans
pasta,pasta + figs + pancetta
pasta,pasta + gorgonzola cheese + spinach + walnuts
pasta,pasta + gruyère cheese + nutmeg + ricotta cheese
pasta,pasta + lamb + lemon + rosemary
pasta,pasta + lamb + mint + olives
pasta,pasta + lobster + peas
pasta,pasta + mushrooms + pumpkin + sage
pasta,pasta + pancetta + stridoli
pasta,pasta + parmesan cheese + sage + tomato
pasta,pasta + pesto + white beans
pasta,pasta + pumpkin + pecans + ricotta cheese + sage
pasta,pasta + red pepper flakes + fennel + sardines + tomatoes
pasta,pasta + red pepper flakes + garlic + olive oil
pasta,pasta + ricotta cheese + veal shanks
pasta,pasta + rosemary + venison
pasta,pasta + spinach + ricotta cheese
pasta,pasta + tomatoes + ricotta cheese
peaches,peaches + apples + vanilla
peaches,peaches + blueberries + mascarpone
peaches,peaches + cream + honey + vanilla
peaches,peaches + figs + maple syrup
peaches,peaches + ginger + sugar
peaches,peaches + orange liqueur + vanilla
peaches,peaches + sugar + yogurt
pears,pears + amaretto + hazelnuts
pears,pears + arugula + parmesan cheese + vinaigrette + walnuts
pears,pears + bacon + bitter greens + goat cheese
pears,pears + blue cheese + olive oil + red wine vinegar + watercress
pears,pears + caramel + balsamic vinegar
pears,pears + caramel + chestnuts + crème fraîche
pears,pears + caramel + chocolate
pears,pears + cinnamon + ginger + honey
pears,pears + fennel + parmesan cheese + balsamic vinegar + walnuts
pears,pears + ginger + honey + vanilla
pears,pears + gorgonzola cheese + vinaigrette + walnuts
pears,pears + honey + lime + vanilla
pears,pears + honey + rosemary
pears,pears + maple syrup + walnuts
pears,pears + mascarpone + pistachios + red wine
pears,pears + pecorino cheese + balsamic vinegar
pears,pears + roquefort cheese + sugar + vanilla + red wine
pears,pears + roquefort cheese + walnuts
pears,pears + stilton cheese + hazelnuts + balsamic vinegar
peas,peas + bacon + cream + shallots
peas,peas + basil + potatoes
peas,peas + celery + olive oil + onions + chicken stock + sugar
peas,peas + custard + parmesan cheese
peas,peas + lobster + pasta
peas,peas + marjoram + mascarpone + parmesan cheese
peas,peas + mint + morel mushrooms
peas,peas + mushrooms + ricotta cheese
peas,peas + onions + pancetta + sage
persimmons,persimmons + allspice + cinnamon + ginger
pheasant,pheasant + apples + potatoes
pineapples,pineapple + avocado + watercress
pineapples,pineapple + banana + ginger + rum + sugar + vanilla
pineapples,pineapple + berries + citrus + mangoes + star anise
pineapples,pineapple + coconut + honey + oranges
pineapples,pineapple + ice cream + brown sugar + vanilla
pineapples,pineapple + lime + sugar
pineapples,pineapple + madeira + brown sugar + vanilla
pineapples,pineapple + rum + sugar
pineapples,pineapple + rum + vanilla + walnuts
pine nuts,pine nuts + apples + apricots + rosemary
pine nuts,pine nuts + basil + garlic + olive oil + parmesan cheese (pesto)
plums,plums + arugula + prosciutto
plums,plums + bay leaf + vanilla
plums,plums + cinnamon + cloves + red wine + sugar
plums,plums + cinnamon + orange
plums,plums + cream + sugar + vanilla
plums,plums + ginger + raspberries
plums,plums + ginger + yogurt
prunes,prunes + allspice + bay leaf + cinnamon + black pepper
prunes,prunes + apples + brandy + vanilla + yogurt
prunes,prunes + armagnac + chocolate
prunes,prunes + armagnac + crème fraîche
prunes,prunes + brandy + cream + vanilla
prunes,prunes + cheese + cumin + walnuts
prunes,prunes + cognac + honey + sauternes
polenta,polenta + chanterelle mushrooms + white truffle oil
polenta,polenta + gorgonzola cheese + mascarpone + walnuts
polenta,polenta + parmesan cheese + rosemary
pomegranates,pomegranates + almonds + cinnamon + cloves + garlic + ginger + honey
pomegranates,pomegranates + chicken + coconut + curry + onions
pomegranates,pomegranates + lemon + sugar
pomelos,pomelo + pickled ginger + fish
pomelos,pomelo + salt + chili powder
pork,pork + allspice + mace
pork,pork + apples + mustard
pork,pork + bacon + mustard + sauerkraut
pork,pork + chile peppers + cilantro + garlic + lime + peanuts
pork,pork + cinnamon + star anise
pork,pork + coriander + honey + soy sauce
pork,pork + clove + garlic + orange
pork,pork + cream + potatoes + thyme
pork,pork + curry + garlic + yogurt
pork,pork + fennel + garlic
pork,pork + garlic + ginger + molasses
pork,pork + ginger + honey + soy sauce
pork,pork + mustard + sauerkraut
pork,pork + port + rosemary
pork chops,pork chop + apples + ginger + sage
pork chops,pork chop + arugula + tomatoes
pork chops,pork chop + greens + sweet potatoes
pork chops,pork chop + peaches + balsamic vinegar
pork loin,pork loin + figs + onions
pork loin,pork loin + red cabbage + port wine
pork shoulder,pork shoulder + bay leaves + wild mushrooms
pork shoulder,pork shoulder + chipotle peppers + cumin + tomatoes
pork shoulder,pork shoulder + plantains + rice + rum
portuguese cuisine,clams + garlic + paprika + pork
portuguese cuisine,cod + eggs + onions + potatoes
portuguese cuisine,garlic + kale + onions + potatoes
portuguese cuisine,piri piri peppers + garlic + lemon juice + olive oil + salt
potatoes,potatoes + bacon + cheese + onions
potatoes,potatoes + chives + sour cream
potatoes,potatoes + cream + garlic + parmesan cheese + rosemary
potatoes,potatoes + cream + leeks + oysters
potatoes,potatoes + gruyère cheese + winter squash
potatoes,potatoes + leeks + nutmeg
"potatoes, new",new potatoes + garlic + shallots + tarragon + vinegar
pumpkin,pumpkin + allspice + bay leaf + cinnamon + salt
pumpkin,pumpkin + allspice + cinnamon + ginger
pumpkin,pumpkin + amaretti cookie crumbs + butter + pasta + sage
pumpkin,pumpkin + apples + curry
pumpkin,pumpkin + brown sugar + pine nuts
pumpkin,pumpkin + butter + garlic + chicken stock + thyme
pumpkin,pumpkin + chile peppers + garlic
pumpkin,pumpkin + cream cheese + orange + rum
pumpkin,pumpkin + cream cheese + pumpkin seeds + sugar
pumpkin,pumpkin + custard + garlic
pumpkin,pumpkin + honey + balsamic vinegar
pumpkin,pumpkin + olive oil + rosemary
quail,quail + arugula + pomegranate
quail,quail + bacon + brussels sprouts
quail,quail + bacon + garlic + lemon
quail,quail + bourbon + molasses + pears
quail,quail + chanterelle mushrooms + tarragon + tomato
quail,quail + cinnamon + sumac
quail,quail + figs + vinaigrette
quail,quail + marjoram + olive oil + rosemary + sage + thyme
quatre épices,cloves (allspice or cinnamon) + ginger + nutmeg + black and/or white pepper
rabbit,rabbit + bacon + rosemary
rabbit,rabbit + garlic + potatoes + rosemary + shallots
rabbit,rabbit + mushrooms + noodles
rabbit,rabbit + mushrooms + tarragon
rabbit,rabbit + mustard + red wine
rabbit,rabbit + vinegar + red wine
rabbit,rabbit + rosemary + tomato
rabbit,rabbit + shallots + white beans
radicchio,radicchio + arugula + endive
radicchio,radicchio + asiago cheese + olive oil + balsamic vinegar
radicchio,radicchio + duck + risotto + reduced balsamic vinegar
radicchio,radicchio + fennel + prosciutto
radicchio,radicchio + gorgonzola cheese + pears
radicchio,radicchio + hard-boiled eggs + olive oil + prosciutto + sherry vinegar + walnuts
radicchio,radicchio + mushrooms + risotto + balsamic vinegar
radishes,radishes + bread + butter + salt
raisins,raisins + orange + rum
ramps,ramps + asparagus + morels
ramps,ramps + lentils + pork
ramps,ramps + parmesan cheese + risotto
ramps,ramps + pasta + speck
raspberries,raspberries + almonds + lemon
raspberries,raspberries + almonds + vanilla
raspberries,raspberries + cream + star anise
raspberries,raspberries + crème fraîche + lemon
raspberries,raspberries + custard + mint
raspberries,raspberries + lemon + peaches
raspberries,raspberries + sugar + vanilla + white chocolate
rhubarb,rhubarb + blood orange + caramelized sugar
rhubarb,rhubarb + caramel + orange
rhubarb,rhubarb + cardamom + orange
rhubarb,rhubarb + cardamom + sugar + vanilla
rhubarb,rhubarb + cinnamon + cream + walnuts
rhubarb,rhubarb + cream cheese + lime + vanilla
rhubarb,rhubarb + fennel + mascarpone
rhubarb,rhubarb + honey + lemon + vanilla
rhubarb,rhubarb + lemon + yogurt
rhubarb,rhubarb + mint + orange
rhubarb,rhubarb + mint + sugar + vanilla
rhubarb,rhubarb + stilton cheese + port wine
rhubarb,rhubarb + strawberry + vanilla
"rice, arborio",risotto + artichokes + lemon + prosciutto
"rice, arborio",risotto + asparagus + chervil + morel mushrooms
"rice, arborio",risotto + asparagus + saffron + scallops
"rice, arborio",risotto + bacon + butternut squash + maple syrup + sage
"rice, arborio",risotto + chanterelle mushrooms + zucchini blossoms
"rice, arborio",risotto + chorizo + clams + saffron
"rice, arborio",risotto + corn + parmesan cheese + scallions
"rice, arborio",risotto + corn + parmesan cheese + shrimp
"rice, arborio",risotto + mussels + parsley + peas
"rice, arborio",risotto + pancetta + parmesan cheese + pumpkin
"rice, arborio",risotto + peas + prosciutto
"rice, arborio",risotto + sweet onions + parmesan cheese
"rice, arborio",risotto + veal + black truffles
"rose (hips, petals, water)",rose + almonds + cream/milk
"rose (hips, petals, water)",rose + honey + yogurt
"rose (hips, petals, water)",rose + lemon + pistachios
"rose (hips, petals, water)",rose + lychee + raspberries
rosemary,rosemary + anchovies + garlic
rosemary,rosemary + butter + lemon
rosemary,rosemary + garlic + lamb
rosemary,rosemary + garlic + lemon
rosemary,rosemary + garlic + wine
rosemary,rosemary + onions + potatoes
rosemary,rosemary + parmesan cheese + polenta
rosemary,rosemary + pork + sherry
rum,rum + apples + butter + nuts + vanilla
rum,rum + apples + carrot juice + spices
rum,rum + apples + cinnamon + pumpkin
rum,rum + coconut water + tropical fruits
rum,rum + lime + banana + sugar
rum,rum + lime + mint + sugar
rum,rum + lime + pineapple + sugar
russian cuisine,mushrooms + cloves + pepper + vinegar
rutabagas,rutabagas + apples + maple syrup
rutabagas,rutabagas + cheese + potatoes
rutabagas,rutabagas + potatoes + rosemary
saffron,saffron + fish + rice
saffron,saffron + ginger + vanilla
saffron,saffron + monkfish + rice
sage,sage + marjoram + thyme
sage,sage + parsley + rosemary + thyme
sage,sage + pasta + walnuts
sage,sage + stuffing + turkey + walnuts
sake,sake + cucumber + lime
salmon,salmon + apple + horseradish + rosemary
salmon,salmon + avocado + chile peppers + grapefruit
salmon,salmon + bacon + cabbage + chestnuts
salmon,salmon + bacon + lentils + sherry vinegar
salmon,salmon + basil + white beans
salmon,salmon + beets + crème fraîche + cucumber + horseradish
salmon,salmon + caviar + vermouth
salmon,salmon + chervil + chives + leeks + lemon + morels + peas + potatoes
salmon,salmon + cucumber + balsamic vinegar
salmon,salmon + cucumber + dill
salmon,salmon + cucumber + dill + horseradish
salmon,salmon + cucumber + tomato
salmon,salmon + lemon juice + dijon mustard
salmon,salmon + marjoram + peas
salmon,salmon + miso + pineapple + tomato + white wine
salmon,salmon + mustard + scallions
salmon,salmon + orange + tomato
salmon,salmon + peas + potatoes
salmon,salmon + pineapple + tomatoes
salmon,salmon + potato + watercress
"salmon, smoked",smoked salmon + chives + crème fraîche + dill + pumpernickel-rye blini
"salmon, smoked",smoked salmon + chives + dill + scrambled eggs + potatoes
"salmon, smoked",smoked salmon + cream cheese + lemon juice + shallots + sour cream
"salmon, smoked",smoked salmon + cucumber + horseradish + mint
"salmon, smoked",smoked salmon + dill + horseradish + lemon juice + sour cream
salsify,salsify + parmesan cheese + prosciutto
sausages,sausages + mustard + sauerkraut
sausages,sausages + onions + potatoes + tomatoes
sausages,sausages + radicchio + white beans
savory,savory + garlic + tomatoes
scallops,scallops + almonds + cauliflower
scallops,scallops + apples + bacon + watercress
scallops,scallops + apples + tarragon
scallops,scallops + asparagus + butter + lemongrass
scallops,scallops + avocado + lemon + lobster
scallops,scallops + bacon + chives
scallops,scallops + bacon + garlic + chanterelle mushrooms
scallops,scallops + bacon + leeks
scallops,scallops + basil + caviar + chives + tomatoes
scallops,scallops + basil + chicken stock + duck fat + garlic + lemon juice + tomatoes
scallops,scallops + basil + grapefruit
scallops,scallops + bay leaf + vanilla
scallops,scallops + brussels sprouts + pancetta
scallops,scallops + carrot juice + pomegranate juice
scallops,scallops + cauliflower + cream
scallops,scallops + cilantro + lemon + sake
scallops,scallops + coriander + crab + lemon + thyme
scallops,scallops + dashi + japanese mushrooms
scallops,scallops + edamame + mint
scallops,scallops + fennel + lemon + parsley
scallops,scallops + fennel + orange + rosemary
scallops,scallops + garlic + mushrooms
scallops,scallops + ginger + mint
scallops,scallops + ginger + scallions
scallops,scallops + ham + pineapple
scallops,scallops + kaffir lime + lemongrass + peanuts
scallops,scallops + parsley + salmon roe
scandinavian cuisine,apples + cinnamon + sugar
scandinavian cuisine,cardamom + ginger + cinnamon + nutmeg + cloves
scandinavian cuisine,cucumbers + dill + onions + sugar + vinegar
scotch,scotch + earl grey tea + tamarind syrup
scotch,scotch + ginger + lemon juice
seafood,seafood + brandy + sherry
seafood,seafood + fennel + lemon + mint
seafood,seafood + green apple + ginger
"sesame seeds, white",sesame seeds + honey + tahini paste + vanilla
"sesame seeds, white",sesame seeds + garlic + soy sauce + spinach
shellfish,shellfish + almonds + vanilla
shellfish,shellfish + curry + lemongrass
shellfish,shellfish + saffron + cream
shiso leaf,shiso leaf + avocado + crab
shiso leaf,shiso leaf + clams + onions
shrimp,shrimp + bacon + chives
shrimp,shrimp + basil + garlic + jalapeño chile
shrimp,shrimp + black beans + coriander
shrimp,shrimp + cayenne + cinnamon + orange
shrimp,shrimp + cepes mushrooms + curry powder + dijon mustard
shrimp,shrimp + chiles + lime juice + brown sugar
shrimp,shrimp + coriander + tarragon
shrimp,shrimp + crab + old bay seasoning
shrimp,shrimp + crab + pistachio nuts + watercress
shrimp,shrimp + garlic + grits + mascarpone + tomato
shrimp,shrimp + garlic + lime
shrimp,shrimp + garlic + mustard + tarragon
shrimp,shrimp + ginger + green apple + saffron
shrimp,shrimp + horseradish + ketchup + lemon
shrimp,shrimp + white beans + bell pepper + orange + sausage
skate,skate + butter + pistachios
skate,skate + capers + garlic + lemon juice
skate,skate + capers + sherry vinegar
skate,skate + fennel + onions
skate,skate + garlic + sage
snap peas,snap peas + brown butter + sage
snapper,snapper + clams + romesco sauce + sausage
snapper,snapper + fennel + olives + orange + saffron
snapper,snapper + coconut + crab + papaya
snapper,snapper + garlic + potatoes + rosemary
snapper,snapper + lemon + thyme + tomatoes
sole,sole + butter + lemon + parsley
sole,sole + paprika + potatoes
sorrel,sorrel + butter + chicken stock
sorrel,sorrel + garlic + spinach
sorrel,sorrel + leeks + potatoes
sorrel,sorrel + nutmeg + ricotta cheese
southeast asian cuisines,chile peppers + fish sauce + lime + sugar
southeast asian cuisines,fish sauce + lime + tamarind
soy sauce,soy sauce + coriander + honey
soy sauce,soy sauce + garlic + ginger
soy sauce,soy sauce + molasses + sugar
spanish cuisine,almonds + garlic + olive oil
spanish cuisine,almonds + olive oil
spanish cuisine,garlic + olive oil
spanish cuisine,garlic + onions + paprika + rice + saffron
spanish cuisine,garlic + onions + parsley
spanish cuisine,red peppers + onions + tomatoes
spanish cuisine,tomatoes + almonds + olive oil + roasted red peppers
spinach,spinach + bacon + garlic + onions + cider vinegar
spinach,spinach + bacon + walnuts
spinach,spinach + chives + goat cheese + mascarpone
spinach,spinach + cumin + garlic + lemon + yogurt
spinach,spinach + fennel + parmesan cheese + portobello mushrooms + balsamic vinegar
spinach,spinach + feta cheese + lemon juice + oregano
spinach,spinach + garlic + mushrooms
spinach,spinach + garlic + sorrel
"squash, acorn",acorn squash + custard + sage
"squash, acorn",acorn squash + ginger + maple syrup
"squash, butternut",butternut squash + anchovies + bread crumbs + onions + pasta
"squash, butternut",butternut squash + bacon + maple syrup + sage
"squash, butternut",butternut squash + bay leaf + nutmeg
"squash, butternut",butternut squash + cilantro + coconut + ginger
"squash, butternut",butternut squash + crème fraîche + nutmeg + sage
"squash, butternut",butternut squash + ricotta cheese + rosemary
"squash, butternut",butternut squash + risotto + sage
"squash, kabocha",kabocha squash + coconut + sweet curry
"squash, winter",winter squash + butter + garlic + sage
"squash, winter",winter squash + garlic + olive oil + parsley
"squash, winter",winter squash + onions + parmesan cheese + chicken stock
squid,squid + aioli + anchovies
squid,squid + basil + bell peppers + chiles + garlic + orange + tomatoes + red wine
squid,squid + garlic + lemon + parsley
strawberries,strawberries + almonds + cream
strawberries,strawberries + almonds + olive oil + balsamic vinegar
strawberries,strawberries + almonds + rhubarb
strawberries,strawberries + balsamic vinegar + black pepper
strawberries,strawberries + black pepper + ricotta cheese + red wine
strawberries,strawberries + champagne +
strawberries,strawberries + rhubarb + sugar
sumac,sumac + lamb + black pepper
sumac,sumac + salt + sesame seeds + thyme (aka middle eastern za'atar)
swedish cuisine,beef + bay leaf + dill + nutmeg + onions
swedish cuisine,herring + sour cream + vinegar
swedish cuisine,red wine + allspice + cinnamon + cloves + raisins + sugar
swedish cuisine,veal + allspice + onions
sweetbreads,sweetbreads + asparagus + morels
sweetbreads,sweetbreads + bacon + capers
sweetbreads,sweetbreads + bacon + garlic
sweetbreads,sweetbreads + bacon + onions + sherry vinegar
sweetbreads,sweetbreads + capers + lemon
sweetbreads,"sweetbreads + celery + truffles, black"
sweetbreads,sweetbreads + hazelnuts + red wine vinegar + walnuts
sweetbreads,sweetbreads + madeira
sweetbreads,sweetbreads + mustard + raisins
sweet potatoes,sweet potatoes + allspice + cinnamon + ginger
sweet potatoes,sweet potatoes + apples + sage
sweet potatoes,sweet potatoes + bacon + onions + rosemary
sweet potatoes,sweet potatoes + chile peppers + lemon zest
sweet potatoes,sweet potatoes + chorizo sausage + orange
sweet potatoes,sweet potatoes + cilantro + lime juice
sweet potatoes,sweet potatoes + kale + prosciutto
sweet potatoes,sweet potatoes + maple syrup + pecans
szechuan pepper,szechuan pepper + ginger + star anise
tamarind,tamarind + chicken + yogurt
"tarragon""",tarragon + anise + celery seeds
"tarragon""",tarragon + chicken + lemon
"tarragon""",tarragon + orange + seafood
tequila,tequila + cilantro + lime
tequila,tequila + cointreau + lime juice + pomegranate juice
tequila,tequila + cointreau + lime juice + sage
tequila,tequila + lime juice + salt
thai cuisine,chile peppers + cilantro + coconut milk
thai cuisine,chile peppers + curry
thai cuisine,chile peppers + curry + fish sauce
thai cuisine,chile peppers + curry + peanuts
thai cuisine,chile peppers + fish sauce
thai cuisine,chile peppers + garlic
thai cuisine,chile peppers + peanuts
thyme,thyme + goat cheese + olive oil
thyme,thyme + savory
tomatoes,tomatoes + avocado + basil + crab
tomatoes,tomatoes + avocado + lemon
tomatoes,tomatoes + basil + chervil + garlic + tarragon
tomatoes,tomatoes + basil + goat cheese
tomatoes,tomatoes + basil + mozzarella cheese + garlic + olive oil + balsamic vinegar
tomatoes,tomatoes + basil + olive oil + orange juice + prosciutto + watermelon
tomatoes,tomatoes + basil + oregano + thyme
tomatoes,tomatoes + basil + ricotta cheese
tomatoes,tomatoes + chile peppers + garlic + onions
tomatoes,tomatoes + fennel + gorgonzola cheese
tomatoes,tomatoes + garlic chives + lemon basil
tomatoes,tomatoes + horseradish + lemon
tomatoes,tomatoes + olive oil + balsamic vinegar
trout,trout + bacon + lentils + sherry vinegar
trout,trout + capers + lemon
"trout, smoked",smoked trout + apples + horseradish
"trout, smoked",smoked trout + crème fraîche + dill
"trout, smoked",smoked trout + horseradish + lemon juice + olive oil + purslane
"truffles, white (and white truffle oil)",truffles + eggs + pasta
tuna,tuna + aioli + capers + tomatoes
tuna,tuna + anchovies + green beans + olives + potatoes
tuna,tuna + arugula + bacon
tuna,tuna + avocado + ginger + radish
tuna,tuna + avocado + lemon + soy sauce
tuna,tuna + beets + lemon
tuna,tuna + black pepper + cilantro + cucumber + soy sauce
tuna,tuna + cilantro + cumin
tuna,tuna + cilantro + dill + garlic + mint
tuna,tuna + cilantro + dill + mint
tuna,tuna + cucumber + ginger + miso + shiso
tuna,tuna + fennel + fennel pollen
tuna,tuna + ginger + mustard
tuna,tuna + ginger + vinaigrette
tuna,tuna + jalapeño chile + cilantro + ginger + sesame oil + shallots + soy sauce
tuna,tuna + lemon + olive oil + tomatoes + watercress
tuna,tuna + sesame + wasabi
turbot,turbot + butter + lemon + marjoram
turbot,turbot + caviar + champagne
turbot,turbot + lemon + miso + mushrooms
turkish cuisine,chicken + garlic + paprika + parsley
turkish cuisine,cumin + lemon + parsley
turkish cuisine,eggplant + garlic + meat + onions + tomatoes
turkish cuisine,fish + dill + lemon + black pepper
turkish cuisine,lamb + cumin + dill + mint
turmeric,turmeric + cilantro + cumin + garlic + onion + paprika + parsley + pepper (moroccan
turmeric,turmeric + coriander + cumin (indian cuisine)
umami,taste: savory or savory + salty
vanilla,vanilla + almonds + cream + whiskey
vanilla,vanilla + bay leaf + brown butter
vanilla,vanilla + chicken + cream
veal,veal + asparagus + morels
veal,veal + basil + lemon
veal,veal + capers + lemon
veal,veal + cream + mushrooms
veal,veal + cucumber + mustard
veal,veal + garlic + parmesan cheese + tomatoes
veal,veal + gremolata + orange
veal,veal + marsala wine + mushrooms
veal,veal + orange + polenta
veal,veal + prosciutto + sage
"veal, chop",veal chop + artichokes + basil
"veal, chop",veal chop + celery root + cream + dijon mustard
"veal, chop",veal chop + garlic + chanterelle mushrooms
"veal, chop",veal chop + leeks + peas
"veal, chop",veal chop + leeks + polenta
"veal, chop",veal chop + mushrooms + watercress
"veal, shanks",veal shanks + capers + gremolata + olives
"veal, shanks",veal shanks + lemon + olives
"veal, shanks",veal shanks + onions + tomatoes
"veal, shanks",veal shanks + tomatoes + thyme
"veal, tenderloin",veal tenderloin + asparagus + morel mushrooms
"veal, tenderloin",veal tenderloin + cream + morel mushrooms
"veal, tenderloin",veal tenderloin + garlic + pancetta
venison,venison + curry + pomegranate seeds
venison,venison + garlic + juniper berries + rosemary
venison,venison + garlic + peppercorns
venison,venison + garlic + rosemary + tomatoes + red wine
venison,venison + parsnips + pepper
venison,venison + pears + rosemary
vietnamese cuisine,chile peppers + fish sauce + lemon
vietnamese cuisine,fish sauce + herbs
vietnamese cuisine,fish sauce + lemon
"vinegar, balsamic",balsamic vinegar + brown butter + fish
"vinegar, balsamic",white balsamic vinegar + white truffle oil + whole grain mustard
"vinegar, banyuls",banyuls vinegar + blue cheese + lettuce + pears + walnuts
"vinegar, cider",cider vinegar + ginger + sugar
vodka,vodka + amaretto + cream + kahlúa
vodka,vodka + apple + beet + caraway + horseradish
vodka,vodka + apple + cinnamon + cloves + cranberry
vodka,vodka + beef consommé + celery leaf + horseradish
vodka,vodka + blackberries + black pepper + rose
vodka,vodka + carrot juice + lemon thyme + lime
vodka,vodka + celery + lime juice
vodka,vodka + cilantro + coconut + lime + sugar
vodka,vodka + cilantro + lime
vodka,vodka + coffee + cream
vodka,vodka + cranberry + orange
vodka,vodka + cranberry + star anise
vodka,vodka + grapefruit + maraschino liqueur
vodka,vodka + honey + oats
vodka,vodka + lemon + lemon verbena
vodka,vodka + lime + pineapple
walnuts,walnuts + anise + dried figs + orange
walnuts,walnuts + apples + honey
walnuts,walnuts + caramel + prunes
walnuts,walnuts + coffee + cream
walnuts,walnuts + cumin + prunes
watercress,watercress + almonds + green apple + pecorino cheese
watercress,watercress + bacon + cream
watercress,watercress + endive + roquefort cheese + walnuts
watercress,watercress + ginger + lemon + shrimp
watermelon,watermelon + cilantro + cream + tequila
watermelon,watermelon + fennel + lemon juice + parsley + salt
watermelon,watermelon + feta cheese + red onions
watermelon,watermelon + kaffir lime + vanilla
whiskey,whiskey + cinnamon + dried fruits + ginger + lemon + star anise
whiskey,whiskey + lemon + orange curaçao
yogurt,yogurt + apricots + pistachios
yogurt,yogurt + caramel + pine nuts + balsamic vinegar
yogurt,yogurt + cilantro + garlic
yogurt,yogurt + garlic + lemon + salt
yuzu fruit,yuzu + caramel + grapefruit + green tea
zucchini,zucchini + basil + garlic
zucchini,zucchini + cream + parmesan cheese
zucchini,zucchini + eggplant + garlic + onions + tomatoes
zucchini,zucchini + pecorino cheese + pecan oil + pecans
zucchini,zucchini + pernod + walnut oil
