achiote seeds,mexican cuisine
afghan cuisine,almonds
afghan cuisine,barley
afghan cuisine,breads
afghan cuisine,cardamom
afghan cuisine,chile peppers
afghan cuisine,cinnamon
afghan cuisine,cloves
afghan cuisine,coriander
afghan cuisine,cucumber
afghan cuisine,cumin
afghan cuisine,dill
afghan cuisine,fennel
afghan cuisine,fruits
afghan cuisine,ginger
afghan cuisine,grapes
afghan cuisine,kebabs
afghan cuisine,lamb
afghan cuisine,mint
afghan cuisine,mushrooms
afghan cuisine,nuts
afghan cuisine,pasta
afghan cuisine,"rice, basmati"
afghan cuisine,sesame
afghan cuisine,tomatoes and tomato sauce
afghan cuisine,turmeric
afghan cuisine,yogurt
african cuisine,bananas
african cuisine,bell peppers
african cuisine,braised dishes
african cuisine,chicken
african cuisine,chile peppers
african cuisine,coconut
african cuisine,corn
african cuisine,fish
african cuisine,fruits
african cuisine,garlic
african cuisine,goat
african cuisine,greens
african cuisine,mangoes
african cuisine,melons
african cuisine,okra
african cuisine,onions
african cuisine,papayas
african cuisine,peanuts
african cuisine,peas
african cuisine,plantains
african cuisine,soups
african cuisine,stews
african cuisine,sweet potatoes
african cuisine,tomatoes
african cuisine,watermelon
african cuisine,yams
african cuisine (north),bell peppers
african cuisine (north),braised dishes
african cuisine (north),chicken
african cuisine (north),chickpeas
african cuisine (north),couscous
african cuisine (north),cucumbers
african cuisine (north),cumin
african cuisine (north),eggplant
african cuisine (north),fish
african cuisine (north),garlic
african cuisine (north),lamb
african cuisine (north),mint
african cuisine (north),parsley
african cuisine (north),rice
african cuisine (north),stewed dishes
african cuisine (north),tomatoes
african cuisine (north),wheat
african cuisine (south),beans
african cuisine (south),carrots
african cuisine (south),chile peppers
african cuisine (south),cinnamon
african cuisine (south),cloves
african cuisine (south),fenugreek
african cuisine (south),garlic
african cuisine (south),ginger
african cuisine (south),lamb
african cuisine (south),onions
african cuisine (south),peas
african cuisine (south),pumpkin
african cuisine (south),stews
african cuisine (south),tomatoes
african cuisine (south),turmeric
african cuisine (west),bananas
african cuisine (west),bell peppers
african cuisine (west),braised dishes
african cuisine (west),chicken
african cuisine (west),chile peppers
african cuisine (west),corn
african cuisine (west),goat
african cuisine (west),mangoes
african cuisine (west),okra
african cuisine (west),papayas
african cuisine (west),peanuts
african cuisine (west),plantains
african cuisine (west),rice
african cuisine (west),soups
african cuisine (west),stewed dishes
african cuisine (west),sweet potatoes
african cuisine (west),tomatoes
african cuisine (west),wheat
african cuisine (west),yams
allspice,caribbean cuisine
allspice,eastern mediterranean cuisine
allspice,english cuisine
allspice,indian cuisine
allspice,jamaican cuisine
allspice,mexican cuisine
allspice,middle eastern cuisine
allspice,north american cuisine
allspice,west indies cuisine
almonds,greek cuisine
almonds,indian cuisine
almonds,mediterranean cuisine
almonds,moroccan cuisine
almonds,spanish cuisine
almonds,turkish cuisine
amaretto (sweet almond liqueur),italian cuisine
anchovies,mediterranean cuisine
anise,chinese cuisine
anise,mediterranean cuisine
anise,middle eastern cuisine
anise,moroccan cuisine
anise,portuguese cuisine
anise,provençal cuisine (french)
anise,scandinavian cuisine
anise,vietnamese cuisine
"anise, star",chinese cuisine
"anise, star",indian cuisine
"anise, star",malaysian cuisine
"anise, star",vietnamese cuisine
apples,french cuisine
apricots,mediterranean cuisine
apricots,moroccan cuisine
"apricots, dried",moroccan cuisine
argentinian cuisine,beef
argentinian cuisine,corn
argentinian cuisine,peaches
argentinian cuisine,pumpkin
argentinian cuisine,sweet potatoes
artichokes,french cuisine
artichokes,italian cuisine
artichokes,mediterranean cuisine
artichokes,moroccan cuisine
artichokes,spanish cuisine
arugula,italian cuisine
arugula,mediterranean cuisine
asparagus,french cuisine
asparagus,italian cuisine
australian cuisine,barbecued foods
australian cuisine,beef
australian cuisine,cheese
australian cuisine,fish
australian cuisine,"fruits, fresh"
australian cuisine,lamb
australian cuisine,"nuts, macadamia"
australian cuisine,seafood
australian cuisine,shellfish
australian cuisine,yabbies
austrian cuisine,beer
austrian cuisine,cinnamon
austrian cuisine,coffee
austrian cuisine,cream
austrian cuisine,desserts
austrian cuisine,dumplings
austrian cuisine,goulash
austrian cuisine,marjoram
austrian cuisine,meat
austrian cuisine,paprika
austrian cuisine,parsley
austrian cuisine,pastries
austrian cuisine,potatoes
austrian cuisine,schnitzel
austrian cuisine,soups
austrian cuisine,stews
austrian cuisine,strudel
austrian cuisine,wine
avocados,central american cuisine
avocados,mexican cuisine
avocados,southwestern cuisine
bacon,french cuisine
bacon,italian cuisine
basil,asian cuisine
basil,cambodian cuisine
basil,french cuisine
basil,italian cuisine
basil,mediterranean cuisine
basil,thai cuisine
basil,vietnamese cuisine
"basil, thai",asian cuisines
"basil, thai",thai cuisine
bay leaf,french cuisine
bay leaf,mediterranean cuisine
bay leaf,moroccan cuisine
bay leaf,turkish cuisine
"beans, black",carribbean cuisine
"beans, black",central american cuisine
"beans, black",mexican cuisine
"beans, black",south american cuisine
"beans, black",southwestern cuisine
"beans, cannellini",italian cuisine
"beans, fava",asian cuisine
"beans, fava",italian cuisine
"beans, fava",mediterranean cuisine
"beans, fava",mexican cuisine
"beans, fava",middle eastern cuisine
"beans, fava",moroccan cuisine
"beans, flageolet",french cuisine
"beans, green",french cuisine
"beans, green",mediterranean cuisine
"beans, kidney",indian cuisine
"beans, kidney",italian cuisine
"beans, lima",central american cuisine
"beans, lima",new england cuisine
"beans, lima",soul food cuisine
"beans, lima",southern cuisine (american)
"beans, pinto",mexican cuisine
"beans, pinto",southwestern cuisine
"beans, red",mexican cuisine
"beans, red",southwestern cuisine
"beans, white",italian cuisine
"beef, kobe",japanese cuisine
"beef, short ribs",garam masala (indian cuisine)
beets,french cuisine
beets,russian cuisine
belgian cuisine,almonds
belgian cuisine,beef
belgian cuisine,beer
belgian cuisine,brussels sprouts
belgian cuisine,charcuterie
belgian cuisine,chocolate
belgian cuisine,"endive, belgian"
belgian cuisine,game
belgian cuisine,meats
belgian cuisine,"mussels, steamed"
belgian cuisine,mustard
belgian cuisine,"potatoes: fried, mashed"
belgian cuisine,shallots
belgian cuisine,soups
belgian cuisine,stews
belgian cuisine,vinegar
belgian cuisine,waffles
bell peppers,french cuisine
bell peppers,indian cuisine
bell peppers,italian cuisine
bell peppers,mexican cuisine
black-eyed peas,african cuisine
black-eyed peas,indian cuisine
black-eyed peas,southern cuisine (american)
"bonito flakes, dried",japanese cuisine
bouquet garni,french cuisine
bourbon,southern cuisine (american)
brazilian cuisine,"beans, black"
brazilian cuisine,cardamom
brazilian cuisine,chile peppers
brazilian cuisine,cilantro
brazilian cuisine,cloves
brazilian cuisine,coconut milk
brazilian cuisine,garlic
brazilian cuisine,ginger
brazilian cuisine,"greens: collard, kale"
brazilian cuisine,grilled dishes
brazilian cuisine,meats
brazilian cuisine,nutmeg
brazilian cuisine,onions
brazilian cuisine,orange
brazilian cuisine,parsley
brazilian cuisine,"pepper, black"
brazilian cuisine,peppers
brazilian cuisine,pork
brazilian cuisine,pumpkin
brazilian cuisine,rice
brazilian cuisine,saffron
brazilian cuisine,sausages
brazilian cuisine,thyme
broccoli rabe,italian cuisine
bulgur wheat,middle eastern cuisine
"cabbage, napa",chinese cuisine
cajun cuisine,cayenne
cajun cuisine,celery
cajun cuisine,chiles
cajun cuisine,crayfish
cajun cuisine,gumbo
cajun cuisine,jambalaya
cajun cuisine,onions
cajun cuisine,peppers
cajun cuisine,rice
cajun cuisine,seafood
cajun cuisine,tomatoes
calvados,french cuisine
canadian cuisine,"bacon, back (aka canadian bacon)"
canadian cuisine,beer
canadian cuisine,berries
canadian cuisine,cheese
canadian cuisine,duck
canadian cuisine,fiddlehead ferns
canadian cuisine,foie gras
canadian cuisine,game
canadian cuisine,game birds
canadian cuisine,maple syrup
canadian cuisine,meats
canadian cuisine,"mushrooms, wild"
canadian cuisine,oysters
canadian cuisine,rabbit
canadian cuisine,salmon
canadian cuisine,seafood
canadian cuisine,wild rice
canadian cuisine,"wine: ice wine, riesling"
capers,french cuisine
capers,italian cuisine
capers,mediterranean cuisine
caraway seeds,austrian cuisine
caraway seeds,british cuisine
caraway seeds,eastern european cuisine
caraway seeds,german cuisine
caraway seeds,hungarian cuisine
caraway seeds,moroccan cuisine
cardamom,asian cuisine
cardamom,indian cuisine
cardamom,indonesian cuisine
cardamom,north african cuisine
cardamom,scandinavian cuisine
caribbean cuisines,allspice
caribbean cuisines,bay leaf
caribbean cuisines,chicken
caribbean cuisines,chile peppers
caribbean cuisines,cilantro
caribbean cuisines,cinnamon
caribbean cuisines,cloves
caribbean cuisines,coconut milk
caribbean cuisines,curry
caribbean cuisines,dill
caribbean cuisines,fish
caribbean cuisines,"fruits, tropical"
caribbean cuisines,garlic
caribbean cuisines,ginger
caribbean cuisines,hot sauce
caribbean cuisines,jerked dishes
caribbean cuisines,"lime, juice"
caribbean cuisines,molasses
caribbean cuisines,nutmeg
caribbean cuisines,onions
caribbean cuisines,orange
caribbean cuisines,oregano
caribbean cuisines,parsley
caribbean cuisines,pineapple
caribbean cuisines,plantains
caribbean cuisines,rum
caribbean cuisines,shellfish
caribbean cuisines,"sugar, brown"
caribbean cuisines,tamarind
caribbean cuisines,thyme
cashews,indian cuisine
catfish,southern cuisine (american)
cauliflower,eastern mediterranean cuisine
cauliflower,french cuisine
cauliflower,indian cuisine
cauliflower,mediterranean cuisine
caviar,french cuisine
caviar,russian cuisine
"cayenne, ground",cajun cuisine
"cayenne, ground",creole cuisine
"cayenne, ground",indian cuisine
"cayenne, ground",italian cuisine
"cayenne, ground",mexican cuisine
celery seed,cajun/creole cuisines
celery seed,german cuisine
celery seed,italian cuisine
celery seed,russian cuisine
chamomile,asian cuisine
chard,italian cuisine
"cheese, asiago",italian cuisine
"cheese, brie",french cuisine
"cheese, burrata",italian cuisine
"cheese, feta",eastern mediterranean cuisine
"cheese, feta",greek cuisine
"cheese, gorgonzola",italian cuisine
"cheese, gruyère",swiss cuisine
"cheese, manchego",spanish cuisine
"cheese, mozzarella",italian cuisine
"cheese, parmesan",italian cuisine
"cheese, provolone",italian cuisine
"cheese, ricotta",italian cuisine
chervil,french cuisine
chervil,provençal cuisine
chestnuts,italian cuisine
chickpeas,indian cuisine
chickpeas,italian cuisine (as garbanzo beans)
chickpeas,mediterranean cuisine
chickpeas,mexican cuisine
chickpeas,middle eastern cuisine
chile peppers,asian cuisine
chile peppers,cajun cuisine
chile peppers,caribbean cuisine
chile peppers,chinese cuisine
chile peppers,indian cuisine
chile peppers,latin american cuisine
chile peppers,mexican cuisine
chile peppers,pakistani cuisine
chile peppers,southwestern american cuisine
chile peppers,thai cuisine
"chile peppers, chipotle (dried, smoked jalapeño",central american cuisine
"chile peppers, chipotle (dried, smoked jalapeño",mexican cuisine
"chile peppers, chipotle (dried, smoked jalapeño",tex-mex cuisine
"chile peppers, piments d'espelette",french basque cuisine
"chile peppers, piments d'espelette",spanish basque cuisine
chilean cuisine,chile peppers
chilean cuisine,corn
chilean cuisine,cumin
chilean cuisine,garlic
chilean cuisine,meats
chilean cuisine,olives
chilean cuisine,oregano
chilean cuisine,paprika
chilean cuisine,"pepper, black"
chilean cuisine,raisins
chili paste,asian cuisine
chinese cuisine,cabbage
chinese cuisine,chicken
chinese cuisine,chile peppers
chinese cuisine,cinnamon
chinese cuisine,duck
chinese cuisine,fish
chinese cuisine,garlic
chinese cuisine,ginger
chinese cuisine,hoisin sauce
chinese cuisine,peanuts
chinese cuisine,pork
chinese cuisine,rice
chinese cuisine,scallions
chinese cuisine,seafood
chinese cuisine,"sesame: oil, seeds"
chinese cuisine,"shrimp: fresh, dried"
chinese cuisine,snow peas
chinese cuisine,soy sauce
chinese cuisine,star anise
chinese cuisine,steaming
chinese cuisine,"stock, chicken"
chinese cuisine,sugar
chinese cuisine,tofu
chinese cuisine,vegetables
chinese cuisine,"vinegar, rice wine"
chinese cuisine,wheat
chinese cuisine,"wine, rice"
chives,chinese cuisine
chocolate and cocoa,mexican cuisine
chorizo,spanish cuisine
cilantro,asian cuisines
cilantro,caribbean cuisine
cilantro,indian cuisine
cilantro,latin american cuisines
cilantro,mediterranean cuisine
cilantro,mexican cuisine
cilantro,middle eastern cuisine
cilantro,north african cuisine
cilantro,portuguese cuisine
cilantro,southeast asian cuisine
cilantro,tex-mex cuisine
cilantro,thai cuisine
cilantro,vietnamese cuisine
cinnamon,chinese cuisine
cinnamon,indian cuisine
cinnamon,indonesian cuisine
cinnamon,mediterreanean cuisine
cinnamon,mexican cuisine
cinnamon,middle eastern cuisine
cinnamon,moroccan cuisine
cinnamon,south american cuisine
cinnamon,southeast asian cuisine (as cassia)
cinnamon,spanish cuisine
citrus,greek cuisine
citrus,mediterranean cuisine
clams,italian cuisine
clams,japanese cuisine
clams,korean cuisine
clams,mediterranean cuisine
clams,new england cuisine
cloves,chinese cuisine
cloves,english cuisine
cloves,german cuisine
cloves,indian cuisine
cloves,mexican cuisine
cloves,sri lankan cuisine
coconut and coconut milk,asian cuisine
coconut and coconut milk,brazilian cuisine
coconut and coconut milk,caribbean cuisine
coconut and coconut milk,indian cuisine
coconut and coconut milk,indonesian cuisine
coconut and coconut milk,malaysian cuisine
coconut and coconut milk,southeast asian cuisine
coconut and coconut milk,thai cuisine
coconut and coconut milk,vietnamese cuisine
cod,english cuisine
cod,french cuisine
cod,new england cuisine
"cod, salt",french cuisine
coriander,indian cuisine
coriander,latin american cuisine
coriander,mediterreanean cuisine
coriander,mexican cuisine
coriander,middle eastern cuisine
coriander,moroccan cuisine
coriander,north african cuisine
coriander,north american cuisine
coriander,southeast asian cuisine
coriander,southwestern cuisine
coriander,vietnamese cuisine
corn,chinese cuisine
corn,mexican cuisine
corn,new england cuisine
corn,southern cuisine
corn,southwestern cuisine
couscous,african (north) cuisine
couscous,middle eastern cuisine
couscous,moroccan cuisine
crab,chinese cuisine
crayfish,cajun cuisine
crayfish,creole cuisine
crème fraîche,french cuisine
creole cuisine,bouillabaisse
creole cuisine,cayenne
creole cuisine,crawfish
creole cuisine,okra
creole cuisine,onions
creole cuisine,oysters
creole cuisine,paprika
creole cuisine,"pepper: black, white"
creole cuisine,salt
creole cuisine,seafood
creole cuisine,shrimp rémoulade
cuban cuisine,allspice
cuban cuisine,avocado
cuban cuisine,bay leaf
cuban cuisine,beans
cuban cuisine,beef
cuban cuisine,bell peppers
cuban cuisine,chicken
cuban cuisine,chocolate
cuban cuisine,citrus
cuban cuisine,cumin
cuban cuisine,garlic
cuban cuisine,lime
cuban cuisine,olive oil
cuban cuisine,onions
cuban cuisine,"orange, juice"
cuban cuisine,oregano
cuban cuisine,pineapple
cuban cuisine,plantains
cuban cuisine,pork
cuban cuisine,rice
cuban cuisine,"seafood (crab, fish, lobster, shrimp)"
cuban cuisine,"sugar, white"
cuban cuisine,watercress
cucumbers,greek cuisine
cucumbers,japanese cuisine
cucumbers,vietnamese cuisine
cumin,indian cuisine
cumin,indonesian cuisine
cumin,mexican cuisine
cumin,moroccan cuisine
cumin,portuguese cuisine
cumin,spanish cuisine
cumin,tex-mex cuisine
cumin,thai cuisine
cumin,vietnamese cuisine
curry leaves,asian cuisines
curry leaves,indian cuisine
curry powder and sauces,indian cuisine
curry powder and sauces,thai cuisine
dates,middle eastern cuisine
dates,moroccan cuisine
dill,european cuisines
dill,german cuisine
dill,greek cuisine
dill,mediterranean cuisine
dill,middle eastern cuisine
dill,north american cuisine
dill,russian cuisine
dill,scandinavian cuisine
dill,turkish cuisine
duck,chinese cuisine
duck,mediterranean cuisine
duck,thai cuisine
eastern european cuisines,allspice
eastern european cuisines,bacon
eastern european cuisines,beef
eastern european cuisines,beets
eastern european cuisines,"bell peppers, green"
eastern european cuisines,cabbage
eastern european cuisines,caraway seeds
eastern european cuisines,carrots
eastern european cuisines,celery
eastern european cuisines,celery root
eastern european cuisines,chicken
eastern european cuisines,cinnamon
eastern european cuisines,cloves
eastern european cuisines,cream
eastern european cuisines,dill
eastern european cuisines,game
eastern european cuisines,garlic
eastern european cuisines,ginger
eastern european cuisines,juniper berries
eastern european cuisines,lamb
eastern european cuisines,marjoram
eastern european cuisines,meats
eastern european cuisines,mushrooms
eastern european cuisines,mustard
eastern european cuisines,noodles
eastern european cuisines,offal
eastern european cuisines,onions
eastern european cuisines,paprika
eastern european cuisines,"pepper, black"
eastern european cuisines,potatoes
eastern european cuisines,rice
eastern european cuisines,sour cream
eastern european cuisines,sugar
eastern european cuisines,tomatoes
eastern european cuisines,veal
eastern european cuisines,"vegetables, root"
eastern european cuisines,vinegar
eggplant,chinese cuisine
eggplant,eastern mediterranean cuisine
eggplant,french cuisine
eggplant,indian cuisine
eggplant,italian cuisine
eggplant,japanese cuisine
eggplant,korean cuisine
eggplant,middle eastern cuisine
"eggs, frittata",italian cuisine
endive,french cuisine
english cuisine,"cheese: cheddar, stilton"
english cuisine,cream
english cuisine,fish (and chips)
english cuisine,game
english cuisine,jams and preserves
english cuisine,lamb
english cuisine,mutton
english cuisine,oats
english cuisine,peas
english cuisine,puddings
english cuisine,roast beef
english cuisine,scones
english cuisine,tea
english cuisine,tea sandwiches
english cuisine,worcestershire sauce
epazote,caribbean cuisine
epazote,central american cuisine
epazote,latin american cuisines
epazote,mexican cuisine
ethiopian cuisine,"beef, raw or stewed"
ethiopian cuisine,injera
ethiopian cuisine,spices
ethiopian cuisine,stewed dishes
ethiopian cuisine,"vegetables, stewed"
ethiopian cuisine,"wine, honey"
fennel,italian cuisine
fennel,mediterranean cuisine
fennel seeds,chinese cuisine
fennel seeds,italian cuisine
fennel seeds,mediterranean cuisine
fennel seeds,scandinavian cuisine
fenugreek,ethiopian cuisine
fenugreek,indian cuisine
fiddlehead ferns,american cuisine
"figs, fresh",french cuisine
"figs, fresh",italian cuisine
"figs, fresh",mediterranean cuisine
"figs, fresh",middle eastern cuisine
"figs, fresh",moroccan cuisine
fines herbes,french cuisine
fish sauce,southeast asian cuisines
fish sauce,thai cuisine
fish sauce,vietnamese cuisine
five-spice powder,chinese cuisine
flounder,mediterranean cuisine
foie gras,french cuisine
french cuisine,beef
french cuisine,cheese
french cuisine,cream
french cuisine,eggs
french cuisine,herbs
french cuisine,mustards
french cuisine,onions
french cuisine,parsley
french cuisine,pastries
french cuisine,pork
french cuisine,potatoes
french cuisine,poultry
french cuisine,roasted meats
french cuisine,sauces
french cuisine,sausages
french cuisine,sautéed dishes
french cuisine,seafood
french cuisine,shallots
french cuisine,spirits
french cuisine,stock
french cuisine,tarragon
french cuisine,thyme
french cuisine,"truffles, black"
french cuisine,veal
french cuisine,vinegars
french cuisine,wheat
french cuisine,wine
"french cuisine, northern","apples: cider, fruit, juice"
"french cuisine, northern",buckwheat
"french cuisine, northern",butter
"french cuisine, northern",cabbage
"french cuisine, northern",calvados
"french cuisine, northern",charcuterie
"french cuisine, northern",cheese: camembert
"french cuisine, northern",cream
"french cuisine, northern","fish, freshwater"
"french cuisine, northern",game
"french cuisine, northern",lobster
"french cuisine, northern",oysters
"french cuisine, northern","pork: bacon, ham"
"french cuisine, northern",sausages
"french cuisine, northern",shellfish
"french cuisine, northern",veal
"french cuisine, southern",anchovies
"french cuisine, southern",anise
"french cuisine, southern",basil
"french cuisine, southern",beef
"french cuisine, southern",bell peppers
"french cuisine, southern",chicken
"french cuisine, southern",fish
"french cuisine, southern",garlic
"french cuisine, southern",grilled dishes
"french cuisine, southern",herbes de provence
"french cuisine, southern",lamb
"french cuisine, southern",lavender
"french cuisine, southern",marjoram
"french cuisine, southern",meats
"french cuisine, southern",mustard
"french cuisine, southern",olive oil
"french cuisine, southern",olives
"french cuisine, southern",pâtés
"french cuisine, southern",pork
"french cuisine, southern",rosemary
"french cuisine, southern",sage
"french cuisine, southern",shellfish
"french cuisine, southern",soups
"french cuisine, southern",tomatoes
"french cuisine, southern",vegetables
"french cuisine, southern",wine
game,italian cuisine
garam masala,indian cuisine
garlic,cajun cuisine
garlic,chinese cuisine
garlic,creole cuisine
garlic,french cuisine
garlic,indian cuisine
garlic,italian cuisine
garlic,korean cuisine
garlic,mediterranean cuisine
garlic,mexican cuisine
garlic,middle eastern cuisine
garlic,moroccan cuisine
garlic,thai cuisine
garlic,vietnamese cuisine
georgian cuisine (russian),fish
georgian cuisine (russian),garlic
georgian cuisine (russian),meats
georgian cuisine (russian),"pepper, red ground"
georgian cuisine (russian),pickles
georgian cuisine (russian),pomegranates
georgian cuisine (russian),vinegar
georgian cuisine (russian),walnuts
german cuisine,allspice
german cuisine,anise
german cuisine,bay leaf
german cuisine,beer
german cuisine,"bread, rye"
german cuisine,caraway seeds
german cuisine,chives
german cuisine,cinnamon
german cuisine,"dill: seeds, weed"
german cuisine,fish
german cuisine,ginger
german cuisine,horseradish
german cuisine,juniper berries
german cuisine,mace
german cuisine,meats
german cuisine,nutmeg
german cuisine,"paprika, sweet"
german cuisine,parsley
german cuisine,"pepper, white"
german cuisine,poppy seeds
german cuisine,pork
german cuisine,potatoes
german cuisine,sauerbraten
german cuisine,sauerkraut
german cuisine,sausages
german cuisine,sour cream
german cuisine,sugar
german cuisine,veal
german cuisine,vinegar
ginger,arabic cuisine
ginger,asian cuisines
ginger,chinese cuisine
ginger,european cuisines
ginger,indian cuisine
ginger,indonesian cuisine
ginger,japanese cuisine
ginger,korean cuisine
ginger,middle eastern cuisine
ginger,moroccan cuisine
ginger,north african cuisine
ginger,thai cuisine
ginger,vietnamese cuisine
"ginger, ground",asian cuisine
"ginger, ground",moroccan cuisine
greek cuisine,allspice
greek cuisine,anise
greek cuisine,basil
greek cuisine,bay leaf
greek cuisine,beef
greek cuisine,bell peppers
greek cuisine,"cheese: feta, goat, sheep"
greek cuisine,chicken
greek cuisine,cinnamon
greek cuisine,cloves
greek cuisine,custard
greek cuisine,dill
greek cuisine,eggplant
greek cuisine,eggs
greek cuisine,fennel
greek cuisine,figs
greek cuisine,fish
greek cuisine,garlic
greek cuisine,grape leaves
greek cuisine,honey
greek cuisine,kebabs
greek cuisine,lamb
greek cuisine,lemon
greek cuisine,meats
greek cuisine,mint
greek cuisine,nutmeg
greek cuisine,nuts
greek cuisine,octopus
greek cuisine,olive oil
greek cuisine,olives
greek cuisine,onions
greek cuisine,oregano
greek cuisine,parsley
greek cuisine,phyllo dough
greek cuisine,pine nuts
greek cuisine,pita bread
greek cuisine,pork
greek cuisine,raisins
greek cuisine,rice
greek cuisine,salads
greek cuisine,shellfish
greek cuisine,spinach
greek cuisine,thyme
greek cuisine,tomatoes
greek cuisine,yogurt
greek cuisine,zucchini
"greens, collard",soul food cuisine
"greens, collard",southern cuisine (american)
"greens, mustard",asian cuisine
"greens, mustard",chinese cuisine
"greens, mustard",southern cuisine (american)
grits,southern cuisine (american)
grouper,mediterranean cuisine
ham,french cuisine
ham,italian cuisine
ham,southern cuisine (american)
"ham, serrano",spanish cuisine
herbes de provence,"french cuisine, southern"
honey,chinese cuisine
honey,greek cuisine
honey,middle eastern cuisines
honey,moroccan cuisine
honey,southern cuisine
honey,turkish cuisine
horseradish,austrian cuisine
horseradish,eastern european cuisine
horseradish,german cuisine
horseradish,russian cuisine
hungarian cuisine,bacon
hungarian cuisine,beef
hungarian cuisine,"bell peppers, green"
hungarian cuisine,caraway seeds
hungarian cuisine,chile peppers
hungarian cuisine,garlic
hungarian cuisine,ham
hungarian cuisine,lard
hungarian cuisine,mushrooms
hungarian cuisine,onions
hungarian cuisine,paprika
hungarian cuisine,pork
hungarian cuisine,pork fat
hungarian cuisine,potatoes
hungarian cuisine,sausage
hungarian cuisine,sour cream
hungarian cuisine,tomatoes
hungarian cuisine,wheat
hungarian cuisine,wine
indian cuisine,allspice
indian cuisine,almonds
indian cuisine,anise
indian cuisine,"breads, in the north"
indian cuisine,cardamom
indian cuisine,cauliflower
indian cuisine,chicken
indian cuisine,chile peppers
indian cuisine,cilantro
indian cuisine,cinnamon
indian cuisine,cloves
indian cuisine,coconut
indian cuisine,coriander
indian cuisine,cumin
indian cuisine,curries
indian cuisine,curry leaf
indian cuisine,eggplant
indian cuisine,fenugreek
indian cuisine,garlic
indian cuisine,ghee (clarified butter)
indian cuisine,ginger
indian cuisine,herbs
indian cuisine,lamb
indian cuisine,lentils
indian cuisine,mint
indian cuisine,mustard seeds
indian cuisine,nutmeg
indian cuisine,"oil: canola, grapeseed"
indian cuisine,paprika
indian cuisine,peas
indian cuisine,"pepper: black, white"
indian cuisine,pistachios
indian cuisine,poppy seeds
indian cuisine,potatoes
indian cuisine,"rice, basmati"
indian cuisine,saffron
indian cuisine,sage
indian cuisine,spices
indian cuisine,spinach
indian cuisine,tamarind
indian cuisine,tomatoes
indian cuisine,turmeric
indian cuisine,vegetables
indian cuisine,wheat
indian cuisine,yogurt
indonesian cuisine,chicken
indonesian cuisine,chile peppers
indonesian cuisine,coconut
indonesian cuisine,coriander
indonesian cuisine,fish
indonesian cuisine,garlic
indonesian cuisine,grilled dishes
indonesian cuisine,lemongrass
indonesian cuisine,molasses
indonesian cuisine,noodles
indonesian cuisine,peanuts
indonesian cuisine,pepper
indonesian cuisine,rice
indonesian cuisine,shellfish
indonesian cuisine,shrimp paste
indonesian cuisine,soy sauce
indonesian cuisine,spices
indonesian cuisine,stir-fried dishes
indonesian cuisine,"sugar, brown"
indonesian cuisine,vegetables
iranian cuisine,apricots
iranian cuisine,basil
iranian cuisine,beans
iranian cuisine,chicken
iranian cuisine,cinnamon
iranian cuisine,dates
iranian cuisine,dill
iranian cuisine,duck
iranian cuisine,fish
iranian cuisine,garlic
iranian cuisine,herbs
iranian cuisine,kebabs
iranian cuisine,lamb
iranian cuisine,lime
iranian cuisine,meats
iranian cuisine,mint
iranian cuisine,nuts
iranian cuisine,onions
iranian cuisine,parsley
iranian cuisine,plums
iranian cuisine,pomegranates
iranian cuisine,prunes
iranian cuisine,raisins
iranian cuisine,rice
iranian cuisine,saffron
iranian cuisine,stews
italian cuisine,anchovies
italian cuisine,artichokes
italian cuisine,basil
italian cuisine,beef
italian cuisine,bell peppers
italian cuisine,capers
italian cuisine,"cheese: mozzarella, parmesan, pecorino, ricotta"
italian cuisine,chicken
italian cuisine,eggplant
italian cuisine,fennel
italian cuisine,fish
italian cuisine,garlic
italian cuisine,grappa
italian cuisine,greens
italian cuisine,honey
italian cuisine,lemon
italian cuisine,marsala
italian cuisine,mascarpone
italian cuisine,mushrooms
italian cuisine,nuts
italian cuisine,olive oil
italian cuisine,olives
italian cuisine,orange and orange zest
italian cuisine,oregano
italian cuisine,pancetta
italian cuisine,parsley
italian cuisine,pasta
italian cuisine,pork
italian cuisine,prosciutto
italian cuisine,red pepper flakes
italian cuisine,rosemary
italian cuisine,rum
italian cuisine,saffron
italian cuisine,sage
italian cuisine,sausage
italian cuisine,shellfish
italian cuisine,spinach
italian cuisine,thyme
italian cuisine,tomatoes and tomato sauces
italian cuisine,veal
italian cuisine,"vinegar: balsamic, red wine"
italian cuisine,wine
italian cuisine,zucchini
"italian cuisine, northern",asparagus
"italian cuisine, northern",basil
"italian cuisine, northern",beans
"italian cuisine, northern",butter
"italian cuisine, northern","cheeses, creamy and rich"
"italian cuisine, northern",cream and cream-based sauces
"italian cuisine, northern",cured meats
"italian cuisine, northern",fish
"italian cuisine, northern",goat
"italian cuisine, northern",hazelnuts
"italian cuisine, northern","lemon, juice"
"italian cuisine, northern",marsala
"italian cuisine, northern",nuts
"italian cuisine, northern",pasta
"italian cuisine, northern",beans
"italian cuisine, northern",pine nuts
"italian cuisine, northern",polenta
"italian cuisine, northern",potatoes
"italian cuisine, northern",rice and risotto
"italian cuisine, northern","truffles, white"
"italian cuisine, northern",vinegar
"italian cuisine, northern",wine
"italian cuisine, southern",bell peppers
"italian cuisine, southern",chile peppers
"italian cuisine, southern",cinnamon
"italian cuisine, southern",eggplant
"italian cuisine, southern",fennel
"italian cuisine, southern",garlic
"italian cuisine, southern",marjoram
"italian cuisine, southern",nutmeg
"italian cuisine, southern","olive oil, heavy"
"italian cuisine, southern",oregano
"italian cuisine, southern",pasta
"italian cuisine, southern",pizza
"italian cuisine, southern",pork
"italian cuisine, southern",raisins
"italian cuisine, southern",red pepper flakes
"italian cuisine, southern",sardines
"italian cuisine, southern",sausage
"italian cuisine, southern",tomatoes and tomato sauces
jamaican cuisine,jerked dishes
japanese cuisine,"bonito: dried, flakes"
japanese cuisine,broiled dishes
japanese cuisine,chile peppers
japanese cuisine,daikon
japanese cuisine,dashi (kelp-based stock)
japanese cuisine,"fish, cooked and raw"
japanese cuisine,ginger
japanese cuisine,kelp
japanese cuisine,mirin (sweet rice wine)
japanese cuisine,noodles
japanese cuisine,pickles
japanese cuisine,poached dishes
japanese cuisine,ponzu sauce
japanese cuisine,rice
japanese cuisine,sake
japanese cuisine,scallions
japanese cuisine,"sesame: oil, seeds"
japanese cuisine,shellfish
japanese cuisine,soy sauce
japanese cuisine,steamed dishes
japanese cuisine,tea
japanese cuisine,"vinegar, rice wine"
japanese cuisine,wasabi
japanese cuisine,"wine, rice"
japanese cuisine,yuzu
jicama,malaysian cuisine
jicama,mexican cuisine
juniper berries,alsatian cuisine
juniper berries,german cuisine
juniper berries,mediterranean cuisine
juniper berries,scandinavian cuisine
kaffir limes and kaffir lime leaf,indian cuisine
kaffir limes and kaffir lime leaf,indonesian cuisine
kaffir limes and kaffir lime leaf,thai cuisine
korean cuisine,chile peppers
korean cuisine,fish
korean cuisine,garlic
korean cuisine,noodles
korean cuisine,rice
korean cuisine,sesame seeds
korean cuisine,shellfish
korean cuisine,soy sauce
korean cuisine,sugar
korean cuisine,"vegetables, pickled"
kumquats,asian cuisines
kumquats,east asian cuisine
lamb,greek cuisine
lamb,indian cuisine
lamb,irish cuisine
lamb,italian cuisine
lamb,middle eastern cuisine
lamb,moroccan cuisine
latin american cuisine,"beans, black"
latin american cuisine,beef
latin american cuisine,café con leche
latin american cuisine,chile peppers
latin american cuisine,cilantro
latin american cuisine,cinnamon
latin american cuisine,cloves
latin american cuisine,corn
latin american cuisine,cumin
latin american cuisine,fruits
latin american cuisine,garlic
latin american cuisine,greens
latin american cuisine,"lime, juice"
latin american cuisine,meats
latin american cuisine,mixed grilled meats
latin american cuisine,onions
latin american cuisine,orange
latin american cuisine,oregano
latin american cuisine,peppers
latin american cuisine,pork
latin american cuisine,potatoes
latin american cuisine,rice
latin american cuisine,rosemary
latin american cuisine,sausages
latin american cuisine,seafood
latin american cuisine,tarragon
latin american cuisine,thyme
latin american cuisine,vegetables
lavender,french cuisine
lavender,provençal cuisine
leeks,french cuisine
leeks,greek cuisine
lemons,greek cuisine
lemons,mediterranean cuisines
lemons,middle eastern cuisines
lemons,moroccan cuisine
"lemons, preserved",moroccan cuisine
lemongrass,indonesian cuisine
lemongrass,malaysian cuisine
lemongrass,southeast asian cuisines
lemongrass,thai cuisine
lemongrass,vietnamese cuisine
lentils,french cuisine
lentils,indian cuisine
lentils,mediterranean cuisine
"lettuces, mesclun greens",french cuisine
limes,latin american cuisine
limes,mexican cuisine
limes,southwestern cuisine
limes,thai cuisine
limes,vietnamese cuisine
"liver, calf's",french cuisine
lobster,chinese cuisine
lobster,mediterranean cuisine
lobster,new england cuisine
lobster,southern cuisine
lychees,rose (french cuisine)
macadamia nuts,hawaiian cuisine
mace,asian cuisine
mace,english cuisine
mace,french cuisine
mace,indian cuisine
mace,new england cuisine
mace,west indian cuisine
mackerel,french cuisine
mangoes,indian cuisine
mangoes,mexican cuisine
mangoes,thai cuisine
maple syrup,canadian cuisine
maple syrup,new england cuisine
marjoram,french cuisine
marjoram,italian cuisine
marjoram,mediterranean cuisine
marjoram,middle eastern cuisine
marjoram,north african cuisine
marjoram,north american cuisine
mascarpone,italian cuisine
mediterranean cuisines,basil
mediterranean cuisines,citrus
mediterranean cuisines,garlic
mediterranean cuisines,herbs
mediterranean cuisines,"lemon, juice"
mediterranean cuisines,marjoram
mediterranean cuisines,olive oil
mediterranean cuisines,oregano
mediterranean cuisines,parsley
mediterranean cuisines,rosemary
mediterranean cuisines,sage
mediterranean cuisines,savory
mediterranean cuisines,thyme
mediterranean cuisines,tomatoes
mediterranean cuisines,"vinegar: balsamic, red wine"
melon/ muskmelons,italian cuisine
mexican cuisine,avocados
mexican cuisine,beans
mexican cuisine,beef
mexican cuisine,chicken
mexican cuisine,chile peppers
mexican cuisine,chili powder
mexican cuisine,chocolate
mexican cuisine,cilantro
mexican cuisine,cinnamon
mexican cuisine,corn
mexican cuisine,cumin
mexican cuisine,epazote
mexican cuisine,fried dishes
mexican cuisine,garlic
mexican cuisine,lemon
mexican cuisine,"lime, juice"
mexican cuisine,nuts
mexican cuisine,onions
mexican cuisine,orange
mexican cuisine,oregano
mexican cuisine,pork
mexican cuisine,rice
mexican cuisine,saffron
mexican cuisine,salsas
mexican cuisine,scallions
mexican cuisine,seeds
mexican cuisine,squash
mexican cuisine,tomatoes
mexican cuisine,tortillas
mexican cuisine,turkey
mexican cuisine,vanilla
mexican cuisine,wheat
middle eastern cuisine,almonds
middle eastern cuisine,"beans, fava"
middle eastern cuisine,"cheese, feta"
middle eastern cuisine,chicken
middle eastern cuisine,chickpeas
middle eastern cuisine,cinnamon
middle eastern cuisine,cloves
middle eastern cuisine,coriander
middle eastern cuisine,cumin
middle eastern cuisine,dill
middle eastern cuisine,eggplant
middle eastern cuisine,fish
middle eastern cuisine,"fruits, dried"
middle eastern cuisine,garlic
middle eastern cuisine,ginger
middle eastern cuisine,goat
middle eastern cuisine,honey
middle eastern cuisine,lamb
middle eastern cuisine,lemons
middle eastern cuisine,"lemons, preserved"
middle eastern cuisine,lentils
middle eastern cuisine,meats
middle eastern cuisine,mint
middle eastern cuisine,nutmeg
middle eastern cuisine,nuts
middle eastern cuisine,olive oil
middle eastern cuisine,olives
middle eastern cuisine,onions
middle eastern cuisine,oregano
middle eastern cuisine,parsley
middle eastern cuisine,"pepper, black"
middle eastern cuisine,pine nuts
middle eastern cuisine,pistachios
middle eastern cuisine,pomegranates
middle eastern cuisine,poppy seeds
middle eastern cuisine,raisins
middle eastern cuisine,ras el hanout (spice blend)
middle eastern cuisine,rice
middle eastern cuisine,roasted dishes
middle eastern cuisine,"sesame: oil, seeds"
middle eastern cuisine,sumac
middle eastern cuisine,tahini
middle eastern cuisine,tomatoes
middle eastern cuisine,walnuts
middle eastern cuisine,yogurt
mint,afghan cuisine
mint,asian cuisines
mint,egyptian cuisine
mint,greek cuisine
mint,indian cuisine
mint,mediterranean cuisine
mint,mexican cuisine
mint,middle eastern cuisine
mint,moroccan cuisine
mint,thai cuisine
mint,turkish cuisine
mint,vietnamese cuisine
"mint, dried",eastern mediterranean cuisine
"mint, dried",greek cuisine
"mint, dried",turkish cuisine
"mint, peppermint",mediterranean cuisine
mirepoix,french cuisine
miso and miso soup,japanese cuisine
molasses,new england cuisine
monkfish,mediterranean cuisine
moroccan cuisine,almonds
moroccan cuisine,apricots
moroccan cuisine,"bell peppers, green"
moroccan cuisine,chile peppers
moroccan cuisine,cilantro
moroccan cuisine,cinnamon
moroccan cuisine,couscous
moroccan cuisine,coriander
moroccan cuisine,cucumbers
moroccan cuisine,cumin
moroccan cuisine,dates
moroccan cuisine,figs
moroccan cuisine,fruits
moroccan cuisine,ginger
moroccan cuisine,lamb
moroccan cuisine,"lemon, juice"
moroccan cuisine,"lemons, preserved"
moroccan cuisine,nuts
moroccan cuisine,olive oil
moroccan cuisine,olives
moroccan cuisine,onions
moroccan cuisine,paprika
moroccan cuisine,pepper
moroccan cuisine,pine nuts
moroccan cuisine,pistachios
moroccan cuisine,raisins
moroccan cuisine,ras el hanout
moroccan cuisine,saffron
moroccan cuisine,salads
moroccan cuisine,"stews, aka tagines"
moroccan cuisine,sumac
moroccan cuisine,tomatoes
moroccan cuisine,turmeric
mushrooms,french cuisine
"mushrooms, matsutake",japanese cuisine
"mushrooms, porcini",french cuisine
"mushrooms, porcini",italian cuisine
"mushrooms, shiitake",japanese cuisine
mussels,chinese cuisine
mussels,french cuisine
mussels,italian cuisine
mussels,mediterranean cuisine
mustard,french cuisine
mustard,german cuisine
mustard,"indian cuisine, as mustard seeds"
mustard,irish cuisine
mustard,italian cuisine
mustard,mediterranean cuisine
mustard,scandinavian cuisine
north african cuisine,allspice
north african cuisine,cinnamon
north african cuisine,coriander
north african cuisine,couscous
north african cuisine,cumin
north african cuisine,garlic
north african cuisine,ginger
north african cuisine,"lemons, preserved"
north african cuisine,meats
north african cuisine,onions
north african cuisine,paprika
north african cuisine,"pepper, black"
north african cuisine,saffron
north african cuisine,salads
north african cuisine,spices
north african cuisine,turmeric
north african cuisine,vegetables
nutmeg,caribbean cuisine
nutmeg,chinese cuisine
nutmeg,french cuisine
nutmeg,german cuisine
nutmeg,greek cuisine
nutmeg,indian cuisine
nutmeg,italian cuisine
nutmeg,latin american cuisine
nutmeg,middle eastern cuisine
nutmeg,scandinavian cuisine
nutmeg,southeast asian cuisine
"oil, almond",chinese cuisine
"oil, almond",indian cuisine
"oil, macadamia nut",hawaiian cuisine
"oil, peanut",asian cuisines
"oil, peanut",chinese cuisine
"oil, sesame",asian cuisine
"oil, sesame",chinese cuisine
"oil, sesame",japanese cuisine
"oil, sesame",korean cuisine
okra,creole cuisine
okra,indian cuisine
okra,mediterranean cuisine
okra,moroccan cuisine
okra,southern cuisine (american)
olive oil,"french cuisine, southern"
olive oil,italian cuisine
olive oil,mediterranean cuisine
olive oil,middle eastern cuisine
olive oil,moroccan cuisine
olive oil,spanish cuisine
olives,french cuisine
olives,italian cuisine
olives,mediterranean cuisines
olives,moroccan cuisine
olives,spanish cuisine
oranges,italian cuisine
"oranges, mandarin",chinese cuisine
oregano,greek cuisine
oregano,italian cuisine
oregano,mediterranean cuisine
oregano,mexican cuisine
oregano,spanish cuisine
oregano,tex-mex cuisine
oysters,cajun cuisine
oysters,creole cuisine
oysters,french cuisine
oysters,southern cuisine
pancetta,italian cuisine
paprika,cajun cuisine
paprika,european cuisines
paprika,hungarian cuisine
paprika,indian cuisine
paprika,middle eastern cuisine
paprika,moroccan cuisine
paprika,spanish cuisine
paprika,turkish cuisine
"paprika, smoked",mediterranean cuisine
parsley,french cuisine
parsley,italian cuisine
parsley,mediterranean cuisine
parsley,middle eastern cuisine
parsley,moroccan cuisine
parsley,spanish cuisine
pasta,italian cuisine
peanuts and peanut butter,african cuisine
peanuts and peanut butter,burmese cuisine
peanuts and peanut butter,chinese cuisine
peanuts and peanut butter,indonesian cuisine
peanuts and peanut butter,southern cuisine (american)
peanuts and peanut butter,thai cuisine
peanuts and peanut butter,vietnamese cuisine
pears,chinese cuisine
pears,french cuisine
pears,italian cuisine
pears,mediterranean cuisine
peas,french cuisine
peas,italian cuisine
peas,spanish cuisine
pecans,southern cuisine (american)
"pepper, black",indian cuisine
"pepper, red",caribbean cuisine
"pepper, red",indian cuisine
"pepper, red",italian cuisine
"pepper, red",mexican cuisine
"pepper, white",asian cuisines
"pepper, white",european cuisines
"pepper, white",japanese cuisine
"pepper, white",thai cuisine
"peppers, piquillo (spanish peppers)",spanish cuisine
pheasant,french cuisine
pheasant,italian cuisine
pheasant,spanish cuisine
pine nuts,central american cuisine
pine nuts,eastern mediterranean cuisine
pine nuts,french cuisine
pine nuts,italian cuisine
pine nuts,middle eastern cuisine
pine nuts,moroccan cuisine
pine nuts,spanish cuisine
pistachios,eastern mediterranean cuisine
pistachios,italian cuisine
pistachios,moroccan cuisine
"plantains, green",african cuisine
"plantains, green",central american cuisine
"plantains, green",mexican cuisine
"plantains, sweet",african cuisine
"plantains, sweet",central american cuisine
"plantains, sweet",mexican cuisine
plums,french cuisine
prunes,french cuisine
prunes,moroccan cuisine
polenta,italian cuisine
pomegranates,middle eastern cuisine
pomegranate molasses,middle eastern cuisine
ponzu sauce,japanese cuisine
poppy seeds,asian cuisine
poppy seeds,indian cuisine
poppy seeds,mediterranean cuisine
poppy seeds,turkish cuisine
pork,chinese cuisine
pork,french cuisine
pork,italian cuisine
pork,korean cuisine
pork,mexican cuisine
pork,spanish cuisine
pork,vietnamese cuisine
portuguese cuisine,anise
portuguese cuisine,bread
portuguese cuisine,"chile peppers, piri piri"
portuguese cuisine,cilantro
portuguese cuisine,cinnamon
portuguese cuisine,clams
portuguese cuisine,cod
portuguese cuisine,custards
portuguese cuisine,eggs
portuguese cuisine,fish
portuguese cuisine,garlic
portuguese cuisine,kale
portuguese cuisine,olive oil
portuguese cuisine,onions
portuguese cuisine,paprika
portuguese cuisine,parsley
portuguese cuisine,pork
portuguese cuisine,port
portuguese cuisine,potatoes
portuguese cuisine,rice
portuguese cuisine,saffron
portuguese cuisine,shellfish
portuguese cuisine,tomatoes
portuguese cuisine,turkey
portuguese cuisine,vanilla
potatoes,french cuisine
prosciutto,italian cuisine
pumpkin,italian cuisine
pumpkin seeds,mexican cuisine
quail,italian cuisine
quatre épices,french cuisine
quince,spanish cuisine (quince paste)
rabbit,french cuisine
rabbit,italian cuisine
rabbit,mediterranean cuisine
radicchio,italian cuisine
raisins,indian cuisine
raisins,italian cuisine
raisins,moroccan cuisine
"rice, arborio",italian cuisine
"rice, basmati",indian cuisine
"rice, wild",midwestern american cuisine
"rose (hips, petals, water)",indian cuisine desserts
rosemary,french cuisine
rosemary,italian cuisine
rosemary,mediterranean cuisine
rosemary,middle eastern cuisine
rum,caribbean cuisine
russian cuisine,beets
russian cuisine,cabbage
russian cuisine,caraway seeds
russian cuisine,caviar
russian cuisine,cilantro
russian cuisine,cinnamon
russian cuisine,cloves
russian cuisine,cumin
russian cuisine,dill
russian cuisine,"fish: pickled, smoked"
russian cuisine,fruits and fruit sauces
russian cuisine,garlic
russian cuisine,ginger
russian cuisine,herring
russian cuisine,"lamb, grilled"
russian cuisine,"meats, skewered and grilled"
russian cuisine,mint
russian cuisine,mushrooms
russian cuisine,nutmeg
russian cuisine,onions
russian cuisine,paprika
russian cuisine,parsley
russian cuisine,"pepper, black"
russian cuisine,poppy seeds
russian cuisine,potatoes
russian cuisine,saffron
russian cuisine,sausages
russian cuisine,sour cream
russian cuisine,tarragon
russian cuisine,vinegar
russian cuisine,vodka
russian cuisine,yogurt
saffron,indian cuisine
saffron,italian cuisine
saffron,mediterranean cuisine
saffron,middle eastern cuisine
saffron,moroccan cuisine
saffron,north african cuisine
saffron,spanish cuisine
sage,european cuisine
sage,french cuisine
sage,greek cuisine
sage,italian cuisine
sage,mediterranean cuisine
sage,spanish cuisine
sake,japanese cuisine
sardines,french cuisine
sardines,italian cuisine
sauerkraut,eastern european cuisine
sauerkraut,french cuisine
sauerkraut,german cuisine
sardines,french cuisine
sardines,italian cuisine
sauerkraut,eastern european cuisine
sauerkraut,french cuisine
sauerkraut,german cuisine
sausages,mediterranean cuisine
savory,mediterranean cuisine
scallions,japanese cuisine
scallions,korean cuisine
scallions,thai cuisine
scallops,chinese cuisine
scallops,french cuisine
scandinavian cuisine,aquavit
scandinavian cuisine,cardamom
scandinavian cuisine,cinnamon
scandinavian cuisine,cucumbers
scandinavian cuisine,dill
scandinavian cuisine,fruits
scandinavian cuisine,ginger
scandinavian cuisine,"herring, pickled"
scandinavian cuisine,juniper berries
scandinavian cuisine,nutmeg
scandinavian cuisine,onions
scandinavian cuisine,"salmon, cured (aka gravlax)"
scandinavian cuisine,"soups, fruit"
scandinavian cuisine,sour cream
"sesame seeds, black",asian cuisine
"sesame seeds, black",chinese cuisine
"sesame seeds, black",japanese cuisine
"sesame seeds, white",asian cuisines
"sesame seeds, white",chinese cuisine
"sesame seeds, white",indian cuisine
"sesame seeds, white",japanese cuisine
"sesame seeds, white",lebanese cuisine
"sesame seeds, white",middle eastern cuisine
"sesame seeds, white",turkish cuisine
shallots,french cuisine
shiso leaf,japanese cuisine
shiso leaf,korean cuisine
shrimp,cajun cuisine
shrimp,chinese cuisine
shrimp,creole cuisine
shrimp,japanese cuisine
shrimp,korean cuisine
shrimp,mediterranean cuisine
shrimp,mexican cuisine
shrimp,southern cuisine
shrimp,thai cuisine
shrimp,vietnamese cuisine
sole,french cuisine
sole,mediterranean cuisine
sorrel,french cuisine
sour cream,european cuisine
sour cream,hungarian cuisine
sour cream,russian cuisine
sour cream,scandinavian cuisine
southeast asian cuisines,chile peppers
southeast asian cuisines,coconut milk
southeast asian cuisines,curries
southeast asian cuisines,fish sauce
southeast asian cuisines,galangal
southeast asian cuisines,ginger
southeast asian cuisines,lemongrass
southeast asian cuisines,lime
southeast asian cuisines,mint
southeast asian cuisines,soy sauce
southeast asian cuisines,sugar
southeast asian cuisines,tamarind
southeast asian cuisines,"vegetables: fresh, fermented"
southern cuisine (american),baked goods
southern cuisine (american),barbecue
southern cuisine (american),black-eyed peas
southern cuisine (american),chicken
southern cuisine (american),gravy
southern cuisine (american),greens
southern cuisine (american),grits
southern cuisine (american),ham
southern cuisine (american),pies
southern cuisine (american),pork
southern cuisine (american),potatoes
southern cuisine (american),rice
southern cuisine (american),sweet potatoes
southern cuisine (american),"tea: iced, sweet"
southwestern cuisine (american),avocados
southwestern cuisine (american),beans
southwestern cuisine (american),beef
southwestern cuisine (american),cheese
southwestern cuisine (american),chicken
southwestern cuisine (american),chiles
southwestern cuisine (american),chocolate
southwestern cuisine (american),cilantro
southwestern cuisine (american),cinnamon
southwestern cuisine (american),corn
southwestern cuisine (american),limes
southwestern cuisine (american),nuts
southwestern cuisine (american),onions
southwestern cuisine (american),pork
southwestern cuisine (american),rice
southwestern cuisine (american),squash
southwestern cuisine (american),tomatoes
southwestern cuisine (american),tortillas
soy sauce,chinese cuisine
soy sauce,japanese cuisine
soy sauce,korean cuisine
spanish cuisine,almonds
spanish cuisine,anchovies
spanish cuisine,bay leaf
spanish cuisine,bread
spanish cuisine,chorizo
spanish cuisine,custards
spanish cuisine,eggs
spanish cuisine,fish
spanish cuisine,fruits
spanish cuisine,garlic
spanish cuisine,"ham, serrano"
spanish cuisine,hazelnuts
spanish cuisine,lemon
spanish cuisine,meats
spanish cuisine,olive oil
spanish cuisine,olives
spanish cuisine,onion
spanish cuisine,orange
spanish cuisine,"paprika, sweet"
spanish cuisine,parsley
spanish cuisine,peppers
spanish cuisine,pine nuts
spanish cuisine,pomegranates
spanish cuisine,pork
spanish cuisine,rice
spanish cuisine,roasts
spanish cuisine,saffron
spanish cuisine,shellfish
spanish cuisine,sherry
spanish cuisine,soups
spanish cuisine,stews
spanish cuisine,thyme
spanish cuisine,tomatoes
spanish cuisine,vanilla
spanish cuisine,vegetables
spanish cuisine,"vinegar, sherry"
spanish cuisine,walnuts
spinach,french cuisine
spinach,indian cuisine
spinach,italian cuisine
spinach,japanese cuisine
"squash, butternut",japanese cuisine
"squash, butternut",moroccan cuisine
squid,italian cuisine
squid,mediterranean cuisine
"sugar, palm",indian cuisine
"sugar, palm",thai cuisine
sumac,lebanese cuisine
sumac,middle eastern cuisine
sumac,moroccan cuisine
sumac,turkish cuisine
swedish cuisine,allspice
swedish cuisine,bay leaf
swedish cuisine,cardamom
swedish cuisine,cinnamon
swedish cuisine,cloves
swedish cuisine,dill
swedish cuisine,fish
swedish cuisine,ginger
swedish cuisine,"herring, pickled"
swedish cuisine,meatballs
swedish cuisine,mushrooms
swedish cuisine,mustard
swedish cuisine,nutmeg
swedish cuisine,onions
swedish cuisine,peas
swedish cuisine,pepper
swedish cuisine,pickled dishes
swedish cuisine,potatoes
swedish cuisine,shellfish
swedish cuisine,soups
swedish cuisine,sugar
sweetbreads,french cuisine
sweetbreads,italian cuisine
szechuan cuisine,bamboo shoots
szechuan cuisine,beef
szechuan cuisine,"cabbage, chinese"
szechuan cuisine,chicken
szechuan cuisine,chile peppers
szechuan cuisine,chili paste
szechuan cuisine,duck
szechuan cuisine,garlic
szechuan cuisine,ginger
szechuan cuisine,"meats, smoked"
szechuan cuisine,peanuts
szechuan cuisine,pork
szechuan cuisine,soy sauce
szechuan cuisine,szechuan pepper
szechuan cuisine,"tangerine peel, dried"
szechuan cuisine,"wine, rice"
szechuan pepper,asian cuisines
szechuan pepper,chinese cuisine
szechuan pepper,tibetan cuisine
tamarind,african cuisine
tamarind,asian cuisines
tamarind,central american cuisine
tamarind,chinese cuisine
tamarind,indian cuisine
tamarind,indonesian cuisine
tamarind,jamaican cuisine
tamarind,latin american cuisine
tamarind,middle eastern cuisine
tamarind,southeast asian cuisine
tamarind,thai cuisine
"tarragon""",french cuisine
tequila,mexican cuisine
thai cuisine,"basil, thai"
thai cuisine,bell peppers
thai cuisine,chile peppers
thai cuisine,cilantro
thai cuisine,coconut
thai cuisine,coriander
thai cuisine,cumin
thai cuisine,curries
thai cuisine,fish
thai cuisine,fish sauce
thai cuisine,garlic
thai cuisine,ginger
thai cuisine,"herbs, fresh"
thai cuisine,lemongrass
thai cuisine,lime
thai cuisine,mint
thai cuisine,noodles
thai cuisine,peanuts
thai cuisine,rice
thai cuisine,shrimp paste
thai cuisine,sugar
thai cuisine,turmeric
thai cuisine,vegetables
thyme,french cuisine
thyme,greek cuisine
thyme,italian cuisine
thyme,jamaican cuisine
thyme,mediterranean cuisine
thyme,middle eastern cuisine
tofu,japanese cuisine
tomatillos,mexican cuisine
tomatoes,french cuisine
tomatoes,italian cuisine
tomatoes,mediterranean cuisine
tomatoes,mexican cuisine
tomatoes,spanish cuisine
"truffles, black",french cuisine
"truffles, white (and white truffle oil)",italian cuisine
turkish cuisine,beef
turkish cuisine,chicken
turkish cuisine,cinnamon
turkish cuisine,cloves
turkish cuisine,cumin
turkish cuisine,dill
turkish cuisine,eggplant
turkish cuisine,fish
turkish cuisine,garlic
turkish cuisine,goat / sheep cheese
turkish cuisine,honey
turkish cuisine,"kebabs, meat"
turkish cuisine,lamb
turkish cuisine,lemon
turkish cuisine,"mint: dried, fresh"
turkish cuisine,nutmeg
turkish cuisine,olive oil
turkish cuisine,onions
turkish cuisine,paprika
turkish cuisine,parsley
turkish cuisine,"pepper, black"
turkish cuisine,phyllo dough
turkish cuisine,rice
turkish cuisine,sesame seeds
turkish cuisine,spinach
turkish cuisine,tomatoes
turkish cuisine,walnuts
turkish cuisine,yogurt
turmeric,asian cuisine
turmeric,caribbean cuisine
turmeric,indian cuisine
turmeric,indonesian cuisine
turmeric,middle eastern cuisine
turmeric,moroccan cuisine
turmeric,north african cuisine
turmeric,southeast asian cuisine
turmeric,thai cuisine
vanilla,mexican cuisine
veal,french cuisine
veal,italian cuisine
venison,american cuisine
vietnamese cuisine,"basil, thai"
vietnamese cuisine,bean sprouts
vietnamese cuisine,"beef, in soup (pho)"
vietnamese cuisine,chicken
vietnamese cuisine,chile peppers
vietnamese cuisine,cilantro
vietnamese cuisine,cucumbers
vietnamese cuisine,fish
vietnamese cuisine,fish sauce
vietnamese cuisine,garlic
vietnamese cuisine,ginger
vietnamese cuisine,lemon
vietnamese cuisine,lemongrass
vietnamese cuisine,lettuce
vietnamese cuisine,lime
vietnamese cuisine,"milk, sweetened condensed"
vietnamese cuisine,mint
vietnamese cuisine,noodles
vietnamese cuisine,pork
vietnamese cuisine,raw foods
vietnamese cuisine,rice
vietnamese cuisine,scallions
vietnamese cuisine,shallots
vietnamese cuisine,shellfish
vietnamese cuisine,shrimp
vietnamese cuisine,star anise
vietnamese cuisine,sugar
"vinegar, balsamic",italian cuisine
"vinegar, cider",american cuisine
"vinegar, rice wine",asian cuisine
"vinegar, rice wine",japanese cuisine
"vinegar, sherry",spanish cuisine
"vinegar, vincotto (cooked wine)",italian cuisine
vodka,polish cuisine
vodka,russian cuisine
walnuts,mediterranean cuisine
wasabi,japanese cuisine
water chestnuts,chinese cuisine
watercress,chinese cuisine
watercress,french cuisine
watercress,italian cuisine
yogurt,eastern mediterranean cuisine
yogurt,greek cuisine
yogurt,indian cuisine
yogurt,middle eastern cuisine
yogurt,turkish cuisine
yuzu fruit,chinese cuisine
yuzu fruit,japanese cuisine
zucchini,french cuisine
zucchini,italian cuisine
zucchini,italian cuisine
zucchini,mexican cuisine
