autumn,weather: typically cool
autumn,"techniques: braise, glaze, roast"
autumn,almonds (peak: october)
autumn,apples (peak: september–november)
autumn,artichokes (peak: september–october)
autumn,basil (peak: september)
autumn,beans (peak: september)
autumn,bell peppers (peak: september)
autumn,broccoli
autumn,broccoli rabe (peak: july–december)
autumn,brussels sprouts (peak: november–february)
autumn,cakes
autumn,cantaloupe (peak: june–september)
autumn,caramel
autumn,cardoons (peak: october)
autumn,cauliflower
autumn,celery root (peak: october–november)
autumn,chard (peak: june–december)
autumn,chestnuts (peak: october–november)
autumn,chile peppers
autumn,coconut (peak: october–november)
autumn,corn (peak: september)
autumn,cranberries (peak: september–december)
autumn,cucumbers (peak: september)
autumn,dates
autumn,duck
autumn,eggplant (peak: august–november)
autumn,fennel
autumn,figs (peak: september–october)
autumn,foie gras
autumn,garlic (peak: september)
autumn,gooseberries (peak: june–september)
autumn,grains
autumn,grapes (peak: september)
autumn,heavier dishes
autumn,huckleberries (peak: august–september)
autumn,kale (peak: november–january)
autumn,kohlrabi (peak: september–november)
autumn,lentils
autumn,lovage (peak: september–october)
autumn,lychee nuts (peak: september–november)
autumn,"mushrooms: chanterelles (peak: april–october), porcini (peak: september–october)"
autumn,nectarines (peak: july–september)
autumn,nuts
autumn,okra (peak: july–september)
autumn,"oranges, blood (peak: november–february)"
autumn,oysters (peak: september–april)
autumn,partridge (peak: november–december)
autumn,passion fruit (peak: november–february)
autumn,pears (peak: july–october)
autumn,peas (peak: june–september)
autumn,persimmons (peak: october–january)
autumn,pheasant (peak: october–december)
autumn,pistachios (peak: september)
autumn,plums (peak: july–october)
autumn,polenta
autumn,pomegranates (peak: october–december)
autumn,pumpkins (peak: september–december)
autumn,quinces (peak: october–december)
autumn,salsify (peak: november–january)
autumn,scallops
autumn,"seeds, sunflower"
autumn,"spices, warming"
autumn,"mustard, etc.)"
autumn,"squash, winter (peak: october–december)"
autumn,stuffing
autumn,sweetbreads
autumn,sweet potatoes (peak: november–january)
autumn,tomatoes (peak: september)
autumn,turkey
autumn,"vinegar, red wine"
autumn,walnuts
autumn,watermelon (peak: july–september)
autumn,yams (peak: november)
autumn,zucchini (peak: june–october)
spring,weather: typically warm
spring,techniques: pan roast and other stove-top methods
spring,artichokes (peak: march–april)
spring,"asparagus: green, purple, white (peak: april)"
spring,"beans, fava (peak: april–june)"
spring,cauliflower (peak: march)
spring,crayfish
spring,dandelion greens (peak: may–june)
spring,fiddlehead ferns
spring,"garlic, green (peak: march)"
spring,"greens: salad, spring"
spring,"lamb, spring"
spring,leeks
spring,"lemons, meyer"
spring,lettuces
spring,lighter dishes
spring,"limes, key"
spring,loquats
spring,"mushrooms, morel (peak: april)"
spring,"onions: spring, vidalia (peak: may)"
spring,"oranges, navel (peak: march)"
spring,peas (peak: may)
spring,ramps (peak: may)
spring,rhubarb (peak: april)
spring,soft-shell crabs
spring,sorrel (peak: may)
spring,soufflés
spring,"spices, cooling"
spring,strawberries
spring,"tomatoes, heirloom"
spring,watercress
spring,zucchini blossoms
summer,weather: typically hot
summer,"techniques: barbecue, grill, marinate, panfry, pan roast, raw"
summer,apricots (peak: june)
summer,basil
summer,"beans, fava"
summer,"beans, green (peak: august)"
summer,blackberries (peak: june)
summer,blueberries (peak: july)
summer,boysenberries (peak: june)
summer,cherries
summer,chilled dishes and beverages
summer,corn (peak: july/august)
summer,cucumbers (peak: august)
summer,eggplant
summer,figs (peak: august)
summer,fish
summer,"flowers, edible"
summer,garlic (peak: august)
summer,grapes
summer,grilled dishes
summer,"herbs, cooling"
summer,ice cream
summer,ices
summer,limes (peak: june)
summer,mangoes
summer,melons (peak: august)
summer,nectarines (peak: july)
summer,okra (peak: august)
summer,onions (peak: august)
summer,"onions, red (peak: july)"
summer,peaches (peak: july/august)
summer,"pears, bartlett (peak: august)"
summer,peppers
summer,picnics
summer,plums (peak: august)
summer,"puddings, summer"
summer,"raspberries (peak: june, august)"
summer,raw foods
summer,"salads: fruit, green, pasta"
summer,"salsas, fresh"
summer,shellfish
summer,sorbets
summer,"soups, cold"
summer,"spices, cooling"
summer,"squash, summer"
summer,steaming
summer,strawberries
summer,tomatillos (peak: august)
summer,tomatoes
summer,"vegetables, green leafy"
summer,vidalia onions (peak: june)
summer,watermelon
summer,zucchini (peak: july)
winter,weather: typically cold
winter,"techniques: bake, braise, glaze, roast, simmer, slow-cook"
winter,bananas
winter,beans
winter,beef
winter,braised dishes
winter,broccoli (peak: february)
winter,brussels sprouts (peak: december)
winter,cabbage
winter,caramel
winter,chocolate
winter,citrus fruit
winter,dates (peak: december)
winter,game
winter,"grains, heavy"
winter,grapefruit (peak: february)
winter,"greens, winter"
winter,lemons (peak: january)
winter,lentils
winter,limes
winter,lobster
winter,maple syrup
winter,"mushrooms, wild (peak: december)"
winter,mussels
winter,"orange, mandarin (peak: january)"
winter,passion fruit
winter,pears (peak: december)
winter,plantains
winter,pork
winter,potatoes
winter,roasted dishes
winter,root vegetables
winter,rosemary
winter,sage
winter,soups
winter,"spices, warming"
winter,"squashes, winter"
winter,squid
winter,stewed dishes
winter,"artichokes, jerusalem"
winter,sweet potatoes (peak: december)
winter,tangerines (peak: january)
winter,turnips (peak: december)
winter,venison
winter,water chestnuts (peak: february)
winter,yams (peak: december)
